Time,Attacker,Victim,Attack Type,3,1,2,4
35603400,1,3,P,-1.0,1.0,0.0,0.0
35605400,1,3,P,-1.0,1.0,0.0,0.0
35605800,1,3,P,-1.0,1.0,0.0,0.0
35606100,1,3,P,-1.0,1.0,0.0,0.0
35606500,1,3,P,-1.0,1.0,0.0,0.0
35613500,3,2,P,0.0,2.0,-2.0,0.0
35647200,1,4,P,0.0,3.0,-2.0,-1.0
35875700,1,2,P,0.0,4.0,-3.0,-1.0
35975600,1,2,P,0.0,4.0,-3.0,-1.0
35977100,1,2,J,0.0,4.0,-3.0,-1.0
36258300,1,2,J,0.0,4.0,-3.0,-1.0
36266500,1,2,P,0.0,4.0,-3.0,-1.0
36268000,1,2,J,0.0,4.0,-3.0,-1.0
36588400,1,2,P,0.0,4.0,-3.0,-1.0
36995300,1,3,P,0.0,4.0,-3.0,-1.0
37545600,1,2,P,0.0,4.0,-3.0,-1.0
37547400,1,2,P,0.0,4.0,-3.0,-1.0
37552400,1,2,P,0.0,4.0,-3.0,-1.0
37554500,1,2,P,0.0,4.0,-3.0,-1.0
37688100,1,2,P,0.0,4.0,-3.0,-1.0
37689900,1,2,P,0.0,4.0,-3.0,-1.0
37691400,1,2,J,0.0,4.0,-3.0,-1.0
37697400,2,4,C,1.0,5.0,-2.0,-4.0
37728400,1,2,P,1.0,5.0,-2.0,-4.0
38184600,1,2,P,1.0,5.0,-2.0,-4.0
38417900,1,3,P,1.0,5.0,-2.0,-4.0
38450400,1,3,P,1.0,5.0,-2.0,-4.0
38453800,1,3,P,1.0,5.0,-2.0,-4.0
39257600,3,2,P,1.0,5.0,-2.0,-4.0
39477800,1,2,P,1.0,5.0,-2.0,-4.0
39481100,1,2,P,1.0,5.0,-2.0,-4.0
39756200,1,2,P,1.0,5.0,-2.0,-4.0
39817600,1,3,P,1.0,5.0,-2.0,-4.0
39830600,1,3,P,1.0,5.0,-2.0,-4.0
40001900,1,4,P,1.0,5.0,-2.0,-4.0
40003800,1,4,P,1.0,5.0,-2.0,-4.0
40005100,1,4,J,1.0,5.0,-2.0,-4.0
40041100,3,2,P,1.0,5.0,-2.0,-4.0
40118000,1,2,P,1.0,5.0,-2.0,-4.0
40772700,1,3,P,1.0,5.0,-2.0,-4.0
40787100,1,3,P,1.0,5.0,-2.0,-4.0
40821100,1,2,P,1.0,5.0,-2.0,-4.0
40822600,1,2,P,1.0,5.0,-2.0,-4.0
40835200,1,2,P,1.0,5.0,-2.0,-4.0
40843200,1,2,P,1.0,5.0,-2.0,-4.0
40896300,1,3,P,1.0,5.0,-2.0,-4.0
40897800,1,3,P,1.0,5.0,-2.0,-4.0
40899500,1,3,P,1.0,5.0,-2.0,-4.0
40900900,1,3,P,1.0,5.0,-2.0,-4.0
40911200,1,3,P,1.0,5.0,-2.0,-4.0
41002100,2,3,P,0.0,5.0,-1.25,-3.75
41014000,2,3,P,-0.6000000000000001,5.0,-0.8000000000000002,-3.6
41126900,1,2,P,-0.6000000000000001,5.0,-0.8000000000000002,-3.6
41172500,1,3,P,-0.6000000000000001,5.0,-0.8000000000000002,-3.6
41464900,1,3,P,-0.6000000000000001,5.0,-0.8000000000000002,-3.6
41469900,1,3,P,-0.6000000000000001,5.0,-0.8000000000000002,-3.6
41495500,1,3,P,-0.6000000000000001,5.0,-0.8000000000000002,-3.6
41498000,1,3,P,-0.6000000000000001,5.0,-0.8000000000000002,-3.6
41498800,1,3,P,-0.6000000000000001,5.0,-0.8000000000000002,-3.6
41500400,1,3,P,-0.6000000000000001,5.0,-0.8000000000000002,-3.6
41502900,1,3,P,-0.6000000000000001,5.0,-0.8000000000000002,-3.6
41507600,1,3,P,-0.6000000000000001,5.0,-0.8000000000000002,-3.6
41724000,1,4,P,-0.6000000000000001,5.0,-0.8000000000000002,-3.6
44582000,1,3,P,-0.6000000000000001,5.0,-0.8000000000000002,-3.6
44601200,1,3,P,-0.6000000000000001,5.0,-0.8000000000000002,-3.6
44733100,1,2,P,-0.6000000000000001,5.0,-0.8000000000000002,-3.6
45123100,1,2,P,-0.6000000000000001,5.0,-0.8000000000000002,-3.6
45263600,1,2,P,-0.6000000000000001,5.0,-0.8000000000000002,-3.6
45266300,1,2,P,-0.6000000000000001,5.0,-0.8000000000000002,-3.6
45397100,1,3,P,-0.6000000000000001,5.0,-0.8000000000000002,-3.6
45401800,1,3,P,-0.6000000000000001,5.0,-0.8000000000000002,-3.6
45774800,1,4,P,-0.6000000000000001,5.0,-0.8000000000000002,-3.6
45891000,1,4,P,-0.6000000000000001,5.0,-0.8000000000000002,-3.6
46946900,1,3,P,-0.6000000000000001,5.0,-0.8000000000000002,-3.6
46950400,1,3,P,-0.6000000000000001,5.0,-0.8000000000000002,-3.6
46955800,1,3,P,-0.6000000000000001,5.0,-0.8000000000000002,-3.6
46961200,1,3,P,-0.6000000000000001,5.0,-0.8000000000000002,-3.6
46965200,1,3,P,-0.6000000000000001,5.0,-0.8000000000000002,-3.6
46967400,1,3,P,-0.6000000000000001,5.0,-0.8000000000000002,-3.6
47194600,1,4,P,-0.6000000000000001,5.0,-0.8000000000000002,-3.6
47242700,1,2,P,-0.6000000000000001,5.0,-0.8000000000000002,-3.6
47248600,1,3,P,-0.6000000000000001,5.0,-0.8000000000000002,-3.6
47251200,1,3,P,-0.6000000000000001,5.0,-0.8000000000000002,-3.6
47283800,1,2,P,-0.6000000000000001,5.0,-0.8000000000000002,-3.6
47323700,1,4,P,-0.6000000000000001,5.0,-0.8000000000000002,-3.6
47411400,1,2,P,-0.6000000000000001,5.0,-0.8000000000000002,-3.6
47415700,1,2,P,-0.6000000000000001,5.0,-0.8000000000000002,-3.6
49684100,2,3,P,-1.0,5.0,-0.5,-3.5
50073300,1,4,P,-1.0,5.0,-0.5,-3.5
50081500,1,4,P,-1.0,5.0,-0.5,-3.5
50086200,1,4,P,-1.0,5.0,-0.5,-3.5
50320700,1,3,P,-1.0,5.0,-0.5,-3.5
50386200,1,3,P,-1.0,5.0,-0.5,-3.5
50548500,1,2,P,-1.0,5.0,-0.5,-3.5
50669600,1,4,P,-1.0,5.0,-0.5,-3.5
50673600,1,4,P,-1.0,5.0,-0.5,-3.5
50959600,1,2,P,-1.0,5.0,-0.5,-3.5
51016800,1,2,P,-1.0,5.0,-0.5,-3.5
51162300,1,2,P,-1.0,5.0,-0.5,-3.5
51176700,1,2,P,-1.0,5.0,-0.5,-3.5
51229900,1,3,P,-1.0,5.0,-0.5,-3.5
51294800,1,3,P,-1.0,5.0,-0.5,-3.5
51300400,1,3,P,-1.0,5.0,-0.5,-3.5
51384100,1,3,P,-1.0,5.0,-0.5,-3.5
51400500,1,3,P,-1.0,5.0,-0.5,-3.5
51437500,1,2,P,-1.0,5.0,-0.5,-3.5
51497500,1,3,P,-1.0,5.0,-0.5,-3.5
51499900,1,3,P,-1.0,5.0,-0.5,-3.5
51726000,1,2,P,-1.0,5.0,-0.5,-3.5
51728300,1,2,P,-1.0,5.0,-0.5,-3.5
51734300,1,2,P,-1.0,5.0,-0.5,-3.5
51736600,1,4,P,-1.0,5.0,-0.5,-3.5
51774300,1,3,P,-1.0,5.0,-0.5,-3.5
51811700,1,2,P,-1.0,5.0,-0.5,-3.5
51813600,1,2,P,-1.0,5.0,-0.5,-3.5
51816000,1,2,P,-1.0,5.0,-0.5,-3.5
51899800,2,3,P,-1.2857142857142858,5.0,-0.2857142857142857,-3.428571428571429
52838100,1,2,P,-1.2857142857142858,5.0,-0.2857142857142857,-3.428571428571429
52848200,1,4,P,-1.2857142857142858,5.0,-0.2857142857142857,-3.428571428571429
53110600,1,3,P,-1.2857142857142858,5.0,-0.2857142857142857,-3.428571428571429
53114100,1,3,P,-1.2857142857142858,5.0,-0.2857142857142857,-3.428571428571429
53326500,2,4,P,-1.2857142857142858,5.0,-0.2857142857142857,-3.428571428571429
53613800,1,3,P,-1.2857142857142858,5.0,-0.2857142857142857,-3.428571428571429
53616600,1,3,P,-1.2857142857142858,5.0,-0.2857142857142857,-3.428571428571429
53875300,1,3,P,-1.2857142857142858,5.0,-0.2857142857142857,-3.428571428571429
53892000,2,4,P,-1.2857142857142858,5.0,-0.2857142857142857,-3.428571428571429
53347800,2,4,P,-1.2857142857142858,5.0,-0.2857142857142857,-3.428571428571429
54013000,1,3,P,-1.2857142857142858,5.0,-0.2857142857142857,-3.428571428571429
54015600,1,3,P,-1.2857142857142858,5.0,-0.2857142857142857,-3.428571428571429
54255200,1,3,P,-1.2857142857142858,5.0,-0.2857142857142857,-3.428571428571429
54669200,1,2,P,-1.2857142857142858,5.0,-0.2857142857142857,-3.428571428571429
54761900,1,2,P,-1.2857142857142858,5.0,-0.2857142857142857,-3.428571428571429
54811900,1,2,P,-1.2857142857142858,5.0,-0.2857142857142857,-3.428571428571429
54817300,1,3,P,-1.2857142857142858,5.0,-0.2857142857142857,-3.428571428571429
54818500,1,3,P,-1.2857142857142858,5.0,-0.2857142857142857,-3.428571428571429
54873900,1,3,P,-1.2857142857142858,5.0,-0.2857142857142857,-3.428571428571429
55516500,1,3,P,-1.2857142857142858,5.0,-0.2857142857142857,-3.428571428571429
55518600,1,3,P,-1.2857142857142858,5.0,-0.2857142857142857,-3.428571428571429
55558100,1,3,P,-1.2857142857142858,5.0,-0.2857142857142857,-3.428571428571429
55806700,1,3,P,-1.2857142857142858,5.0,-0.2857142857142857,-3.428571428571429
56010900,1,3,P,-1.2857142857142858,5.0,-0.2857142857142857,-3.428571428571429
56067800,1,2,P,-1.2857142857142858,5.0,-0.2857142857142857,-3.428571428571429
56158000,1,4,P,-1.2857142857142858,5.0,-0.2857142857142857,-3.428571428571429
56161700,1,4,P,-1.2857142857142858,5.0,-0.2857142857142857,-3.428571428571429
56166800,1,4,P,-1.2857142857142858,5.0,-0.2857142857142857,-3.428571428571429
56175700,1,3,P,-1.2857142857142858,5.0,-0.2857142857142857,-3.428571428571429
56195400,2,3,P,-1.5,5.0,-0.125,-3.375
56229600,2,3,P,-1.6666666666666665,5.0,1.1102230246251565e-16,-3.333333333333333
56430700,1,3,P,-1.6666666666666665,5.0,1.1102230246251565e-16,-3.333333333333333
56432200,1,3,P,-1.6666666666666665,5.0,1.1102230246251565e-16,-3.333333333333333
56558400,1,2,P,-1.6666666666666665,5.0,1.1102230246251565e-16,-3.333333333333333
56561800,1,2,P,-1.6666666666666665,5.0,1.1102230246251565e-16,-3.333333333333333
56565000,1,2,P,-1.6666666666666665,5.0,1.1102230246251565e-16,-3.333333333333333
56566100,1,2,P,-1.6666666666666665,5.0,1.1102230246251565e-16,-3.333333333333333
56568000,1,2,P,-1.6666666666666665,5.0,1.1102230246251565e-16,-3.333333333333333
56571300,1,4,P,-1.6666666666666665,5.0,1.1102230246251565e-16,-3.333333333333333
56673700,2,4,P,-1.6666666666666665,5.0,1.1102230246251565e-16,-3.333333333333333
56762000,1,3,P,-1.6666666666666665,5.0,1.1102230246251565e-16,-3.333333333333333
121533300,1,4,P,-1.6666666666666665,5.0,1.1102230246251565e-16,-3.333333333333333
121626500,1,2,P,-1.6666666666666665,5.0,1.1102230246251565e-16,-3.333333333333333
121632700,1,2,P,-1.6666666666666665,5.0,1.1102230246251565e-16,-3.333333333333333
121842100,1,2,P,-1.6666666666666665,5.0,1.1102230246251565e-16,-3.333333333333333
121873400,1,3,P,-1.6666666666666665,5.0,1.1102230246251565e-16,-3.333333333333333
121880500,1,3,P,-1.6666666666666665,5.0,1.1102230246251565e-16,-3.333333333333333
121992800,1,4,P,-1.6666666666666665,5.0,1.1102230246251565e-16,-3.333333333333333
122052700,2,3,P,-1.7999999999999998,5.0,0.09999999999999987,-3.3
122096200,2,4,P,-1.7999999999999998,5.0,0.09999999999999987,-3.3
122128500,1,2,P,-1.7999999999999998,5.0,0.09999999999999987,-3.3
122132100,1,2,P,-1.7999999999999998,5.0,0.09999999999999987,-3.3
122290900,1,2,P,-1.7999999999999998,5.0,0.09999999999999987,-3.3
122361900,2,4,P,-1.7999999999999998,5.0,0.09999999999999987,-3.3
123275400,2,3,P,-1.9090909090909092,5.0,0.18181818181818188,-3.2727272727272725
123281200,2,3,P,-2.0,5.0,0.25,-3.25
123282700,2,3,P,-2.0769230769230766,5.0,0.30769230769230754,-3.230769230769231
123330100,1,4,P,-2.0769230769230766,5.0,0.30769230769230754,-3.230769230769231
123339800,1,2,P,-2.0769230769230766,5.0,0.30769230769230754,-3.230769230769231
123378800,1,4,P,-2.0769230769230766,5.0,0.30769230769230754,-3.230769230769231
123436600,2,3,P,-2.142857142857143,5.0,0.3571428571428571,-3.2142857142857144
123438000,2,3,P,-2.2,5.0,0.39999999999999997,-3.2
123443200,2,3,P,-2.25,5.0,0.4375,-3.1875
123446000,2,3,P,-2.2941176470588234,5.0,0.4705882352941176,-3.1764705882352944
123446800,2,3,P,-2.3333333333333335,5.0,0.5,-3.166666666666667
123449100,2,3,P,-2.3684210526315788,5.0,0.5263157894736842,-3.1578947368421053
123451400,2,3,P,-2.4,5.0,0.55,-3.15
123452000,2,3,P,-2.4285714285714284,5.0,0.5714285714285714,-3.142857142857143
123452800,2,3,P,-2.4545454545454546,5.0,0.5909090909090912,-3.1363636363636362
123458100,2,3,P,-2.4782608695652173,5.0,0.608695652173913,-3.1304347826086953
123476300,2,3,P,-2.5,5.0,0.625,-3.125
123478900,2,3,P,-2.52,5.0,0.6399999999999997,-3.12
123479800,2,3,P,-2.5384615384615383,5.0,0.6538461538461537,-3.1153846153846154
123506900,2,3,P,-2.5555555555555554,5.0,0.6666666666666665,-3.111111111111111
123509000,2,3,P,-2.5714285714285716,5.0,0.6785714285714285,-3.107142857142857
123519400,2,3,P,-2.586206896551724,5.0,0.6896551724137931,-3.103448275862069
123521800,2,3,P,-2.6,5.0,0.7,-3.1
123523600,2,3,P,-2.6129032258064515,5.0,0.709677419354839,-3.096774193548387
123524600,2,3,P,-2.625,5.0,0.71875,-3.09375
123618200,1,2,P,-2.625,5.0,0.71875,-3.09375
123997700,1,3,P,-2.625,5.0,0.71875,-3.09375
124030000,2,3,P,-2.6363636363636362,5.0,0.7272727272727274,-3.090909090909091
124245800,1,2,P,-2.6363636363636362,5.0,0.7272727272727274,-3.090909090909091
124284500,2,3,P,-2.6470588235294112,5.0,0.7352941176470589,-3.0882352941176467
124286900,2,3,P,-2.657142857142857,5.0,0.7428571428571429,-3.0857142857142854
124287700,2,3,P,-2.6666666666666665,5.0,0.7499999999999999,-3.083333333333333
124288900,2,3,P,-2.675675675675676,5.0,0.7567567567567567,-3.081081081081081
124326300,2,3,P,-2.6842105263157894,5.0,0.763157894736842,-3.0789473684210527
124342200,2,3,P,-2.6923076923076925,5.0,0.7692307692307693,-3.0769230769230766
124344600,2,3,P,-2.7,5.0,0.775,-3.075
124345200,2,3,P,-2.707317073170732,5.0,0.7804878048780487,-3.073170731707317
124352300,2,3,P,-2.7142857142857144,5.0,0.7857142857142858,-3.071428571428571
124352900,2,3,P,-2.7209302325581395,5.0,0.7906976744186045,-3.0697674418604652
124398100,2,3,P,-2.727272727272727,5.0,0.7954545454545453,-3.0681818181818183
124401400,2,3,P,-2.7333333333333334,5.0,0.8,-3.0666666666666664
124878800,2,3,P,-2.739130434782609,5.0,0.8043478260869565,-3.0652173913043477
124880300,2,3,P,-2.74468085106383,5.0,0.8085106382978725,-3.0638297872340425
124880800,2,3,P,-2.75,5.0,0.8125,-3.0625
124881300,2,3,P,-2.7551020408163267,5.0,0.8163265306122449,-3.0612244897959187
124883900,2,3,P,-2.76,5.0,0.82,-3.06
124889800,2,3,P,-2.764705882352941,5.0,0.8235294117647058,-3.0588235294117645
124895700,1,3,P,-2.764705882352941,5.0,0.8235294117647058,-3.0588235294117645
124905300,1,2,P,-2.764705882352941,5.0,0.8235294117647058,-3.0588235294117645
124910900,2,3,P,-2.769230769230769,5.0,0.826923076923077,-3.0576923076923075
124912800,2,3,P,-2.7735849056603774,5.0,0.8301886792452831,-3.0566037735849054
124938800,2,4,P,-2.7735849056603774,5.0,0.8301886792452831,-3.0566037735849054
124945300,2,3,P,-2.7777777777777777,5.0,0.8333333333333333,-3.0555555555555554
124952200,2,4,P,-2.7777777777777777,5.0,0.8333333333333333,-3.0555555555555554
124960300,2,4,P,-2.7777777777777777,5.0,0.8333333333333333,-3.0555555555555554
124966100,2,4,P,-2.7777777777777777,5.0,0.8333333333333333,-3.0555555555555554
124972800,2,4,P,-2.7777777777777777,5.0,0.8333333333333333,-3.0555555555555554
125083200,2,3,P,-2.7818181818181817,5.0,0.8363636363636362,-3.0545454545454547
125085700,2,3,P,-2.7857142857142856,5.0,0.8392857142857142,-3.053571428571429
125086500,2,3,P,-2.789473684210526,5.0,0.8421052631578946,-3.052631578947368
125103600,1,4,P,-2.789473684210526,5.0,0.8421052631578946,-3.052631578947368
125107900,1,2,P,-2.789473684210526,5.0,0.8421052631578946,-3.052631578947368
125109100,1,2,P,-2.789473684210526,5.0,0.8421052631578946,-3.052631578947368
125152900,2,4,P,-2.789473684210526,5.0,0.8421052631578946,-3.052631578947368
125160800,2,4,P,-2.789473684210526,5.0,0.8421052631578946,-3.052631578947368
125162200,2,4,P,-2.789473684210526,5.0,0.8421052631578946,-3.052631578947368
125164300,2,4,P,-2.789473684210526,5.0,0.8421052631578946,-3.052631578947368
125168400,2,4,P,-2.789473684210526,5.0,0.8421052631578946,-3.052631578947368
125169900,2,4,P,-2.789473684210526,5.0,0.8421052631578946,-3.052631578947368
125179100,2,3,P,-2.793103448275862,5.0,0.8448275862068966,-3.0517241379310347
125181400,2,3,P,-2.7966101694915255,5.0,0.8474576271186441,-3.0508474576271185
125201500,2,4,P,-2.7966101694915255,5.0,0.8474576271186441,-3.0508474576271185
125203400,2,4,P,-2.7966101694915255,5.0,0.8474576271186441,-3.0508474576271185
125218000,2,3,P,-2.8,5.0,0.85,-3.05
125235000,2,4,P,-2.8,5.0,0.85,-3.05
125241000,2,4,P,-2.8,5.0,0.85,-3.05
125263800,2,4,P,-2.8,5.0,0.85,-3.05
125265100,2,4,P,-2.8,5.0,0.85,-3.05
125271800,2,4,P,-2.8,5.0,0.85,-3.05
125291000,2,4,P,-2.8,5.0,0.85,-3.05
125316700,2,4,P,-2.8,5.0,0.85,-3.05
125336500,2,3,P,-2.80327868852459,5.0,0.8524590163934426,-3.0491803278688527
125342000,2,3,P,-2.806451612903226,5.0,0.8548387096774194,-3.0483870967741935
125351300,2,3,P,-2.8095238095238093,5.0,0.857142857142857,-3.0476190476190474
125365000,2,3,P,-2.8125,5.0,0.859375,-3.046875
125377500,2,4,P,-2.8125,5.0,0.859375,-3.046875
125381400,2,4,P,-2.8125,5.0,0.859375,-3.046875
125385400,2,4,P,-2.8125,5.0,0.859375,-3.046875
125401900,2,4,P,-2.8125,5.0,0.859375,-3.046875
125403700,2,4,P,-2.8125,5.0,0.859375,-3.046875
125404100,2,4,P,-2.8125,5.0,0.859375,-3.046875
125411500,2,4,P,-2.8125,5.0,0.859375,-3.046875
125413000,2,4,P,-2.8125,5.0,0.859375,-3.046875
125413400,2,4,P,-2.8125,5.0,0.859375,-3.046875
125413800,2,4,P,-2.8125,5.0,0.859375,-3.046875
125417000,2,3,P,-2.8153846153846156,5.0,0.8615384615384616,-3.046153846153846
125419800,1,2,P,-2.8153846153846156,5.0,0.8615384615384616,-3.046153846153846
125421400,2,4,P,-2.8153846153846156,5.0,0.8615384615384616,-3.046153846153846
125423400,1,3,P,-2.8153846153846156,5.0,0.8615384615384616,-3.046153846153846
125427100,1,3,P,-2.8153846153846156,5.0,0.8615384615384616,-3.046153846153846
125431000,2,4,P,-2.8153846153846156,5.0,0.8615384615384616,-3.046153846153846
125435000,2,3,P,-2.8181818181818183,5.0,0.8636363636363638,-3.0454545454545454
125459900,2,3,P,-2.8208955223880596,5.0,0.8656716417910449,-3.044776119402985
125460900,2,3,P,-2.823529411764706,5.0,0.8676470588235294,-3.0441176470588234
125468800,2,3,P,-2.8260869565217392,5.0,0.8695652173913043,-3.0434782608695654
125472400,2,4,P,-2.8260869565217392,5.0,0.8695652173913043,-3.0434782608695654
125480100,2,4,P,-2.8260869565217392,5.0,0.8695652173913043,-3.0434782608695654
125483200,2,4,P,-2.8260869565217392,5.0,0.8695652173913043,-3.0434782608695654
125497700,1,2,P,-2.8260869565217392,5.0,0.8695652173913043,-3.0434782608695654
125535700,2,3,P,-2.8285714285714287,5.0,0.8714285714285714,-3.0428571428571427
125540100,2,4,P,-2.8285714285714287,5.0,0.8714285714285714,-3.0428571428571427
125548000,2,4,P,-2.8285714285714287,5.0,0.8714285714285714,-3.0428571428571427
125548700,2,4,P,-2.8285714285714287,5.0,0.8714285714285714,-3.0428571428571427
125549800,2,4,P,-2.8285714285714287,5.0,0.8714285714285714,-3.0428571428571427
125550600,2,4,P,-2.8285714285714287,5.0,0.8714285714285714,-3.0428571428571427
125554800,1,4,P,-2.8285714285714287,5.0,0.8714285714285714,-3.0428571428571427
125584900,2,1,P,-2.8285714285714287,4.942857142857143,0.9285714285714284,-3.0428571428571427
125592100,2,1,P,-2.8285714285714287,4.887323943661973,0.9841046277665997,-3.0428571428571427
125597100,2,1,P,-2.8285714285714287,4.833333333333334,1.0380952380952382,-3.0428571428571427
125601000,1,2,P,-2.8285714285714287,4.835616438356165,1.0358121330724073,-3.0428571428571427
125607500,2,3,P,-2.8309859154929575,4.835616438356165,1.037622998263554,-3.0422535211267605
125650800,1,4,P,-2.8309859154929575,4.835616438356165,1.037622998263554,-3.0422535211267605
125652700,1,4,P,-2.8309859154929575,4.835616438356165,1.037622998263554,-3.0422535211267605
125653800,1,3,P,-2.8309859154929575,4.835616438356165,1.037622998263554,-3.0422535211267605
125683200,2,3,P,-2.8333333333333335,4.835616438356165,1.039383561643836,-3.0416666666666665
125685900,1,2,P,-2.8333333333333335,4.837837837837838,1.037162162162162,-3.041666666666667
125689900,1,3,P,-2.8333333333333335,4.837837837837838,1.037162162162162,-3.041666666666667
125704800,1,2,P,-2.8333333333333335,4.840000000000001,1.0350000000000001,-3.041666666666667
125708200,2,3,P,-2.835616438356164,4.84,1.0367123287671234,-3.0410958904109586
125760700,2,3,P,-2.8378378378378377,4.84,1.0383783783783784,-3.0405405405405403
125787300,2,3,P,-2.84,4.84,1.04,-3.04
125788400,2,3,P,-2.8421052631578947,4.84,1.041578947368421,-3.0394736842105265
125827500,1,2,P,-2.8421052631578947,4.842105263157894,1.039473684210526,-3.0394736842105265
125830900,2,3,P,-2.8441558441558445,4.842105263157895,1.041011619958988,-3.038961038961039
125832600,2,4,P,-2.8441558441558445,4.842105263157895,1.041011619958988,-3.038961038961039
125834300,2,4,P,-2.8441558441558445,4.842105263157895,1.041011619958988,-3.038961038961039
125834900,2,4,P,-2.8441558441558445,4.842105263157895,1.041011619958988,-3.038961038961039
125838300,2,4,P,-2.8441558441558445,4.842105263157895,1.041011619958988,-3.038961038961039
125855200,2,4,P,-2.8441558441558445,4.842105263157895,1.041011619958988,-3.038961038961039
125857700,2,4,P,-2.8441558441558445,4.842105263157895,1.041011619958988,-3.038961038961039
125883400,2,3,P,-2.8461538461538463,4.842105263157894,1.0425101214574897,-3.0384615384615383
125885100,2,3,P,-2.848101265822785,4.842105263157894,1.0439706862091938,-3.037974683544304
125889700,2,4,P,-2.848101265822785,4.842105263157894,1.0439706862091938,-3.037974683544304
125906400,2,3,P,-2.8499999999999996,4.842105263157894,1.0453947368421053,-3.0374999999999996
125909800,2,3,P,-2.8518518518518516,4.842105263157894,1.0467836257309941,-3.037037037037037
125913500,2,3,P,-2.8536585365853657,4.842105263157894,1.0481386392811294,-3.0365853658536586
125914900,2,3,P,-2.855421686746988,4.842105263157895,1.049461001902346,-3.036144578313253
125925800,2,3,P,-2.857142857142857,4.842105263157895,1.0507518796992479,-3.0357142857142856
125936100,2,4,P,-2.857142857142857,4.842105263157895,1.0507518796992479,-3.0357142857142856
125969000,2,4,P,-2.857142857142857,4.842105263157895,1.0507518796992479,-3.0357142857142856
125976600,2,3,P,-2.8588235294117648,4.842105263157895,1.0520123839009288,-3.0352941176470587
125978800,2,3,P,-2.8604651162790695,4.842105263157895,1.053243574051408,-3.0348837209302326
125988200,2,3,P,-2.862068965517241,4.842105263157895,1.0544464609800361,-3.0344827586206895
125989600,2,3,P,-2.8636363636363633,4.842105263157895,1.055622009569378,-3.034090909090909
125990200,2,3,P,-2.865168539325843,4.842105263157894,1.056771141336487,-3.033707865168539
125994700,2,3,P,-2.8666666666666667,4.842105263157895,1.057894736842105,-3.033333333333333
125995000,2,3,P,-2.868131868131868,4.842105263157895,1.0589936379410063,-3.032967032967033
125996200,2,3,P,-2.8695652173913047,4.842105263157894,1.0600686498855831,-3.032608695652174
126001100,1,2,P,-2.869565217391304,4.844155844155844,1.058018068887634,-3.032608695652174
126019300,2,3,P,-2.870967741935484,4.844155844155844,1.0590699622957684,-3.032258064516129
126021200,2,3,P,-2.872340425531915,4.844155844155844,1.060099474993092,-3.0319148936170213
126024000,2,3,P,-2.8736842105263154,4.844155844155844,1.0611073137388927,-3.0315789473684207
126231800,1,2,P,-2.873684210526316,4.846153846153847,1.059109311740891,-3.031578947368421
126236000,2,3,P,-2.875,4.846153846153847,1.0600961538461535,-3.03125
126237400,2,3,P,-2.876288659793815,4.846153846153847,1.0610626486915145,-3.0309278350515463
126237900,2,3,P,-2.877551020408163,4.846153846153847,1.062009419152276,-3.0306122448979593
126239100,2,3,P,-2.878787878787879,4.846153846153846,1.062937062937063,-3.0303030303030303
126269600,2,4,P,-2.878787878787879,4.846153846153846,1.062937062937063,-3.0303030303030303
126270900,2,4,P,-2.878787878787879,4.846153846153846,1.062937062937063,-3.0303030303030303
126540700,2,3,P,-2.88,4.846153846153847,1.063846153846154,-3.0300000000000002
126614900,2,4,P,-2.88,4.846153846153847,1.063846153846154,-3.0300000000000002
126673400,2,3,P,-2.881188118811881,4.846153846153847,1.0647372429550643,-3.0297029702970297
126758600,1,2,P,-2.881188118811881,4.848101265822785,1.0627898232861264,-3.0297029702970297
126763800,2,3,P,-2.8823529411764706,4.848101265822784,1.0636634400595681,-3.0294117647058822
126765800,2,3,P,-2.883495145631068,4.848101265822784,1.0645200934005161,-3.029126213592233
126976500,1,2,P,-2.883495145631068,4.8500000000000005,1.062621359223301,-3.029126213592233
126985900,2,4,P,-2.883495145631068,4.8500000000000005,1.062621359223301,-3.029126213592233
126990900,2,4,P,-2.883495145631068,4.8500000000000005,1.062621359223301,-3.029126213592233
127007600,2,3,P,-2.8846153846153846,4.8500000000000005,1.0634615384615385,-3.028846153846154
127008900,2,3,P,-2.885714285714286,4.85,1.064285714285714,-3.0285714285714285
127009400,2,3,P,-2.886792452830189,4.8500000000000005,1.0650943396226413,-3.0283018867924527
127009900,2,3,P,-2.88785046728972,4.8500000000000005,1.0658878504672895,-3.02803738317757
127014100,2,3,P,-2.8888888888888893,4.85,1.0666666666666664,-3.0277777777777777
127014800,2,3,P,-2.8899082568807337,4.8500000000000005,1.0674311926605504,-3.0275229357798166
127015900,2,3,P,-2.8909090909090907,4.8500000000000005,1.0681818181818181,-3.0272727272727273
127016900,2,3,P,-2.891891891891892,4.8500000000000005,1.0689189189189194,-3.027027027027027
127018000,2,3,P,-2.892857142857143,4.8500000000000005,1.0696428571428571,-3.0267857142857144
127019400,2,3,P,-2.893805309734513,4.85,1.0703539823008847,-3.0265486725663715
127090700,1,3,P,-2.893805309734513,4.85,1.0703539823008847,-3.0265486725663715
127245300,1,4,P,-2.893805309734513,4.85,1.0703539823008847,-3.0265486725663715
127355600,1,2,P,-2.893805309734513,4.851851851851851,1.068502130449033,-3.0265486725663715
127358700,2,3,P,-2.8947368421052633,4.851851851851852,1.0692007797270957,-3.026315789473684
127373900,1,3,P,-2.8947368421052633,4.851851851851852,1.0692007797270957,-3.026315789473684
128070500,2,4,P,-2.8947368421052633,4.851851851851852,1.0692007797270957,-3.026315789473684
128135300,2,3,P,-2.8956521739130436,4.851851851851851,1.0698872785829308,-3.026086956521739
128140000,2,3,P,-2.896551724137931,4.851851851851851,1.0705619412515968,-3.025862068965517
128144600,2,3,P,-2.8974358974358974,4.851851851851852,1.0712250712250717,-3.0256410256410255
128141700,2,3,P,-2.8983050847457625,4.851851851851851,1.07187696170747,-3.0254237288135593
128143900,2,3,P,-2.899159663865546,4.851851851851852,1.072517896047308,-3.0252100840336134
128144900,2,3,P,-2.9000000000000004,4.851851851851851,1.0731481481481482,-3.025
128145500,2,3,P,-2.900826446280991,4.851851851851851,1.0737679828588917,-3.024793388429752
128147200,2,3,P,-2.901639344262295,4.851851851851851,1.0743776563448695,-3.024590163934426
128150900,2,3,P,-2.902439024390244,4.851851851851851,1.0749774164408314,-3.024390243902439
128175500,2,3,P,-2.903225806451613,4.851851851851851,1.0755675029868579,-3.024193548387097
128176800,2,3,P,-2.904,4.851851851851851,1.0761481481481485,-3.024
128181300,2,3,P,-2.9047619047619047,4.851851851851852,1.0767195767195772,-3.0238095238095237
128203400,2,3,P,-2.905511811023622,4.851851851851852,1.0772820064158652,-3.0236220472440944
128315700,2,3,P,-2.90625,4.851851851851852,1.0778356481481486,-3.0234375
128316200,2,3,P,-2.9069767441860463,4.851851851851851,1.0783807062876833,-3.0232558139534884
128323200,2,3,P,-2.9076923076923076,4.851851851851852,1.0789173789173792,-3.023076923076923
128331700,2,3,P,-2.9083969465648853,4.851851851851852,1.0794458580718125,-3.0229007633587788
128341900,2,3,P,-2.909090909090909,4.851851851851852,1.07996632996633,-3.0227272727272725
128358700,2,3,P,-2.909774436090226,4.851851851851851,1.0804789752158173,-3.0225563909774436
128360600,2,3,P,-2.91044776119403,4.85185185185185,1.0809839690436704,-3.0223880597014925
128363200,2,3,P,-2.9111111111111114,4.851851851851852,1.0814814814814817,-3.022222222222222
128378700,2,3,P,-2.9117647058823533,4.851851851851851,1.0819716775599124,-3.0220588235294117
128412400,2,4,P,-2.9117647058823533,4.851851851851851,1.0819716775599124,-3.0220588235294117
128420500,2,4,P,-2.9117647058823533,4.851851851851851,1.0819716775599124,-3.0220588235294117
128460000,2,3,P,-2.9124087591240873,4.851851851851852,1.0824547174912138,-3.021897810218978
128472100,2,3,P,-2.913043478260869,4.851851851851851,1.0829307568438005,-3.0217391304347823
128574200,2,3,P,-2.9136690647482015,4.851851851851852,1.0833999467092996,-3.0215827338129495
128581200,2,3,P,-2.914285714285714,4.851851851851852,1.083862433862434,-3.0214285714285714
128581800,2,3,P,-2.914893617021276,4.851851851851851,1.0843183609141054,-3.0212765957446805
128898600,1,3,P,-2.914893617021276,4.851851851851851,1.0843183609141054,-3.0212765957446805
128900400,2,3,P,-2.915492957746479,4.851851851851851,1.0847678664580072,-3.02112676056338
128901100,2,3,P,-2.9160839160839163,4.851851851851852,1.085211085211086,-3.020979020979021
128930900,2,3,P,-2.9166666666666665,4.851851851851851,1.0856481481481481,-3.020833333333333
128934200,2,3,P,-2.9172413793103447,4.851851851851851,1.0860791826309064,-3.020689655172414
128943400,2,3,P,-2.917808219178082,4.851851851851851,1.0865043125317098,-3.0205479452054793
128943900,2,3,P,-2.9183673469387754,4.851851851851851,1.0869236583522295,-3.020408163265306
128946100,2,3,P,-2.9189189189189193,4.851851851851851,1.0873373373373374,-3.02027027027027
128999800,2,3,P,-2.9194630872483223,4.851851851851851,1.0877454635843897,-3.0201342281879193
129003400,2,3,P,-2.92,4.851851851851851,1.088148148148148,-3.02
129004800,2,3,P,-2.9205298013245033,4.851851851851851,1.0885454991415258,-3.019867549668874
129005900,2,3,P,-2.9210526315789473,4.851851851851852,1.088937621832359,-3.019736842105263
129007200,2,3,P,-2.9215686274509807,4.851851851851852,1.0893246187363836,-3.019607843137255
129014400,2,3,P,-2.9220779220779223,4.851851851851851,1.0897065897065896,-3.0194805194805197
129048100,2,3,P,-2.92258064516129,4.851851851851852,1.0900836320191156,-3.0193548387096776
129050400,2,3,P,-2.9230769230769234,4.851851851851851,1.0904558404558407,-3.019230769230769
129087500,2,4,P,-2.9230769230769234,4.851851851851851,1.0904558404558407,-3.019230769230769
129100200,2,3,P,-2.9235668789808917,4.851851851851851,1.090823307383817,-3.019108280254777
129133400,2,4,P,-2.9235668789808917,4.851851851851851,1.090823307383817,-3.019108280254777
129135800,2,4,P,-2.9235668789808917,4.851851851851851,1.090823307383817,-3.019108280254777
129714900,2,3,P,-2.924050632911392,4.851851851851852,1.0911861228316926,-3.018987341772152
129717400,2,3,P,-2.9245283018867925,4.851851851851851,1.0915443745632423,-3.018867924528302
129719000,2,3,P,-2.925,4.851851851851851,1.0918981481481478,-3.01875
129719600,2,3,P,-2.9254658385093166,4.851851851851851,1.0922475270301355,-3.0186335403726705
129720100,2,3,P,-2.9259259259259256,4.851851851851851,1.0925925925925926,-3.018518518518518
129720600,2,3,P,-2.9263803680981595,4.851851851851851,1.0929334242217676,-3.01840490797546
129721300,2,3,P,-2.926829268292683,4.851851851851852,1.09327009936766,-3.0182926829268295
129752000,2,3,P,-2.9272727272727277,4.851851851851851,1.0936026936026937,-3.018181818181818
129754000,2,3,P,-2.927710843373494,4.851851851851851,1.0939312806782686,-3.0180722891566267
129755200,2,4,P,-2.927710843373494,4.851851851851851,1.0939312806782686,-3.0180722891566267
129758700,2,4,P,-2.927710843373494,4.851851851851851,1.0939312806782686,-3.0180722891566267
129759100,2,4,P,-2.927710843373494,4.851851851851851,1.0939312806782686,-3.0180722891566267
129759500,2,4,P,-2.927710843373494,4.851851851851851,1.0939312806782686,-3.0180722891566267
129759900,2,4,P,-2.927710843373494,4.851851851851851,1.0939312806782686,-3.0180722891566267
129761100,2,3,P,-2.92814371257485,4.851851851851852,1.0942559325792856,-3.0179640718562872
129762800,2,3,P,-2.928571428571429,4.851851851851851,1.0945767195767195,-3.017857142857143
129775600,2,3,P,-2.9289940828402368,4.851851851851852,1.0948937102783258,-3.0177514792899407
129776400,2,3,P,-2.9294117647058826,4.851851851851852,1.09520697167756,-3.0176470588235293
129787900,2,3,P,-2.9298245614035086,4.85185185185185,1.0955165692007793,-3.0175438596491224
129789500,2,3,P,-2.9302325581395348,4.851851851851852,1.095822566752799,-3.0174418604651163
129792400,1,2,P,-2.9302325581395348,4.853658536585367,1.0940158820192851,-3.0174418604651163
129797900,2,3,P,-2.9306358381502893,4.853658536585366,1.0943183420273508,-3.0173410404624277
129799900,2,3,P,-2.931034482758621,4.853658536585367,1.0946173254835998,-3.0172413793103448
129800300,2,3,P,-2.9314285714285715,4.853658536585366,1.0949128919860627,-3.017142857142857
129849300,1,2,P,-2.9314285714285715,4.855421686746988,1.0931497418244405,-3.017142857142857
129864500,1,4,P,-2.9314285714285715,4.855421686746988,1.0931497418244405,-3.017142857142857
129883700,2,4,P,-2.9314285714285715,4.855421686746988,1.0931497418244405,-3.017142857142857
129886400,2,3,P,-2.9318181818181817,4.855421686746989,1.0934419496166485,-3.0170454545454546
129894900,2,3,P,-2.9322033898305087,4.855421686746989,1.0937308556258936,-3.016949152542373
129905400,2,3,P,-2.9325842696629216,4.855421686746988,1.0940165155002028,-3.0168539325842696
129915800,2,3,P,-2.9329608938547485,4.855421686746988,1.0942989836440735,-3.016759776536313
129919300,1,4,P,-2.9329608938547485,4.855421686746988,1.0942989836440735,-3.016759776536313
129921900,1,4,P,-2.9329608938547485,4.855421686746988,1.0942989836440735,-3.016759776536313
129922700,1,4,P,-2.9329608938547485,4.855421686746988,1.0942989836440735,-3.016759776536313
129932900,2,3,P,-2.9333333333333336,4.855421686746988,1.0945783132530116,-3.0166666666666666
129936600,2,3,P,-2.9337016574585633,4.855421686746988,1.0948545563469345,-3.016574585635359
129940700,2,3,P,-2.9340659340659343,4.855421686746988,1.0951277638024624,-3.0164835164835164
129961100,2,3,P,-2.9344262295081966,4.855421686746988,1.0953979853841593,-3.0163934426229506
130017600,2,3,P,-2.9347826086956523,4.855421686746989,1.0956652697747515,-3.016304347826087
130022600,1,2,P,-2.9347826086956523,4.857142857142858,1.093944099378882,-3.016304347826087
130025200,2,4,P,-2.9347826086956523,4.857142857142858,1.093944099378882,-3.016304347826087
130059000,1,4,P,-2.9347826086956523,4.857142857142858,1.093944099378882,-3.016304347826087
130062000,1,4,P,-2.9347826086956523,4.857142857142858,1.093944099378882,-3.016304347826087
130069800,3,4,P,-1.9347826086956523,5.857142857142858,2.077639751552795,-6.0
130090100,2,3,P,-1.9351351351351354,5.857142857142858,2.077992277992278,-6.0
130092000,2,3,P,-1.935483870967742,5.857142857142858,2.0783410138248852,-6.0
130092300,2,3,P,-1.9358288770053476,5.857142857142858,2.078686019862491,-6.0
130092700,2,3,P,-1.9361702127659577,5.857142857142858,2.0790273556231007,-6.0
130093200,2,3,P,-1.9365079365079367,5.857142857142858,2.079365079365079,-6.0
130138400,1,4,P,-1.9365079365079367,5.857142857142858,2.079365079365079,-6.0
130178800,1,3,P,-1.9365079365079367,5.857142857142858,2.079365079365079,-6.0
130180400,1,3,P,-1.9365079365079367,5.857142857142858,2.079365079365079,-6.0
130181200,1,3,P,-1.9365079365079367,5.857142857142858,2.079365079365079,-6.0
130195200,2,3,P,-1.936842105263158,5.857142857142858,2.079699248120301,-6.0
130197400,2,3,P,-1.9371727748691099,5.857142857142858,2.0800299177262533,-6.0
130210000,2,3,P,-1.9375,5.857142857142857,2.0803571428571423,-6.0
130213600,2,3,P,-1.937823834196891,5.857142857142857,2.0806809770540338,-6.0
130214700,2,3,P,-1.9381443298969074,5.857142857142858,2.08100147275405,-6.0
130215400,2,3,P,-1.938461538461539,5.857142857142857,2.081318681318681,-6.0
130216600,2,3,P,-1.9387755102040816,5.857142857142857,2.081632653061224,-6.0
130217100,2,3,P,-1.9390862944162437,5.857142857142858,2.0819434372733863,-6.0
130217700,2,3,P,-1.9393939393939394,5.857142857142858,2.0822510822510827,-6.0
130218900,2,3,P,-1.9396984924623117,5.857142857142858,2.0825556353194545,-6.0
130219400,2,3,P,-1.9400000000000002,5.857142857142858,2.0828571428571427,-6.0
130219900,2,3,P,-1.9402985074626866,5.857142857142857,2.083155650319829,-6.0
130224600,2,4,P,-1.9402985074626866,5.857142857142857,2.083155650319829,-6.0
130226500,2,4,P,-1.9402985074626866,5.857142857142857,2.083155650319829,-6.0
130227700,1,4,P,-1.9402985074626866,5.857142857142857,2.083155650319829,-6.0
130261100,1,3,P,-1.9402985074626866,5.857142857142857,2.083155650319829,-6.0
130271800,2,3,P,-1.9405940594059408,5.857142857142858,2.0834512022630833,-6.0
130298500,3,4,P,-1.9405940594059408,5.857142857142858,2.0834512022630833,-6.0
130331800,2,3,P,-1.9408866995073895,5.857142857142858,2.0837438423645325,-6.0
130335000,2,3,P,-1.9411764705882355,5.857142857142858,2.084033613445378,-6.0
130335800,2,3,P,-1.9414634146341463,5.857142857142858,2.084320557491289,-6.0
130339600,2,3,P,-1.941747572815534,5.857142857142857,2.0846047156726772,-6.0
130356500,2,4,P,-1.941747572815534,5.857142857142857,2.0846047156726772,-6.0
130364800,2,3,P,-1.9420289855072463,5.857142857142857,2.084886128364389,-6.0
130366900,2,3,P,-1.9423076923076923,5.857142857142858,2.0851648351648358,-6.0
130367400,2,3,P,-1.9425837320574164,5.857142857142858,2.085440874914559,-6.0
130367800,2,3,P,-1.9428571428571428,5.857142857142857,2.085714285714286,-6.0
130376700,2,3,P,-1.9431279620853081,5.857142857142858,2.0859851049424507,-6.0
130377100,2,3,P,-1.9433962264150946,5.857142857142858,2.086253369272237,-6.0
130396200,1,3,P,-1.9433962264150946,5.857142857142858,2.086253369272237,-6.0
130446600,2,4,P,-1.9433962264150946,5.857142857142858,2.086253369272237,-6.0
130450100,2,4,P,-1.9433962264150946,5.857142857142858,2.086253369272237,-6.0
130450900,2,4,P,-1.9433962264150946,5.857142857142858,2.086253369272237,-6.0
130451800,2,4,P,-1.9433962264150946,5.857142857142858,2.086253369272237,-6.0
130452600,2,4,P,-1.9433962264150946,5.857142857142858,2.086253369272237,-6.0
130453600,2,4,P,-1.9433962264150946,5.857142857142858,2.086253369272237,-6.0
130454400,2,4,P,-1.9433962264150946,5.857142857142858,2.086253369272237,-6.0
130455000,2,4,P,-1.9433962264150946,5.857142857142858,2.086253369272237,-6.0
130455800,2,4,P,-1.9433962264150946,5.857142857142858,2.086253369272237,-6.0
130456400,2,4,P,-1.9433962264150946,5.857142857142858,2.086253369272237,-6.0
130457000,2,4,P,-1.9433962264150946,5.857142857142858,2.086253369272237,-6.0
130457500,2,4,P,-1.9433962264150946,5.857142857142858,2.086253369272237,-6.0
130458100,2,4,P,-1.9433962264150946,5.857142857142858,2.086253369272237,-6.0
130458700,2,4,P,-1.9433962264150946,5.857142857142858,2.086253369272237,-6.0
130459200,2,4,P,-1.9433962264150946,5.857142857142858,2.086253369272237,-6.0
130459700,2,4,P,-1.9433962264150946,5.857142857142858,2.086253369272237,-6.0
130460200,2,4,P,-1.9433962264150946,5.857142857142858,2.086253369272237,-6.0
130462300,2,3,P,-1.9436619718309862,5.857142857142858,2.086519114688129,-6.0
130466100,2,3,P,-1.9439252336448598,5.857142857142858,2.086782376502003,-6.0
130466600,2,3,P,-1.944186046511628,5.857142857142858,2.087043189368771,-6.0
130489800,2,4,P,-1.944186046511628,5.857142857142858,2.087043189368771,-6.0
130529200,1,4,P,-1.944186046511628,5.857142857142858,2.087043189368771,-6.0
130540900,2,4,P,-1.944186046511628,5.857142857142858,2.087043189368771,-6.0
130549700,2,3,P,-1.9444444444444444,5.857142857142858,2.0873015873015874,-6.0
130551200,2,3,P,-1.944700460829493,5.857142857142858,2.087557603686636,-6.0
130555500,2,3,P,-1.9449541284403669,5.857142857142858,2.08781127129751,-6.0
130556200,2,3,P,-1.9452054794520546,5.857142857142858,2.0880626223091983,-6.0
130556700,2,3,P,-1.9454545454545453,5.857142857142857,2.088311688311688,-6.0
130572900,1,3,P,-1.9454545454545453,5.857142857142857,2.088311688311688,-6.0
130575800,2,3,P,-1.9457013574660635,5.857142857142857,2.088558500323206,-6.0
130595300,1,2,P,-1.9457013574660635,5.858823529411764,2.0868778280542983,-6.0
130599000,1,2,P,-1.9457013574660635,5.8604651162790695,2.0852362411869936,-6.0
130612700,2,3,P,-1.9459459459459458,5.86046511627907,2.085480829666876,-6.0
130616100,2,4,P,-1.9459459459459458,5.86046511627907,2.085480829666876,-6.0
130625700,2,3,P,-1.9461883408071747,5.8604651162790695,2.085723224528105,-6.0
130668000,2,4,P,-1.9461883408071747,5.8604651162790695,2.085723224528105,-6.0
130671600,2,4,P,-1.9461883408071747,5.8604651162790695,2.085723224528105,-6.0
130705500,2,3,P,-1.9464285714285714,5.8604651162790695,2.0859634551495017,-6.0
130707400,2,3,P,-1.9466666666666668,5.8604651162790695,2.0862015503875964,-6.0
131018200,2,4,P,-1.9466666666666668,5.8604651162790695,2.0862015503875964,-6.0
131041900,2,4,P,-1.9466666666666668,5.8604651162790695,2.0862015503875964,-6.0
131053100,2,3,P,-1.946902654867257,5.8604651162790695,2.086437538588186,-6.0
131057600,1,3,P,-1.946902654867257,5.8604651162790695,2.086437538588186,-6.0
131062700,2,4,P,-1.946902654867257,5.8604651162790695,2.086437538588186,-6.0
131416400,2,3,P,-1.9471365638766522,5.8604651162790695,2.0866714475975816,-6.0
131418400,2,3,P,-1.9473684210526319,5.8604651162790695,2.086903304773561,-6.0
131421300,2,3,P,-1.9475982532751093,5.860465116279069,2.087133136996039,-6.0
131426000,2,3,P,-1.9478260869565218,5.8604651162790695,2.0873609706774516,-6.0
131428900,2,3,P,-1.948051948051948,5.8604651162790695,2.087586831772878,-6.0
131433100,2,3,P,-1.9482758620689655,5.8604651162790695,2.0878107457898953,-6.0
131445500,2,3,P,-1.9484978540772533,5.86046511627907,2.0880327377981835,-6.0
131459400,2,3,P,-1.948717948717949,5.86046511627907,2.0882528324388794,-6.0
131471900,1,3,P,-1.948717948717949,5.86046511627907,2.0882528324388794,-6.0
131474100,1,3,P,-1.948717948717949,5.86046511627907,2.0882528324388794,-6.0
131550100,2,3,P,-1.948936170212766,5.8604651162790695,2.088471053933695,-6.0
131553400,2,3,P,-1.9491525423728815,5.86046511627907,2.0886874260938115,-6.0
131554800,2,3,P,-1.9493670886075949,5.8604651162790695,2.088901972328525,-6.0
131555800,2,3,P,-1.9495798319327733,5.86046511627907,2.0891147156537033,-6.0
131556500,2,3,P,-1.9497907949790796,5.8604651162790695,2.08932567870001,-6.0
131557600,2,3,P,-1.9500000000000002,5.8604651162790695,2.08953488372093,-6.0
131559000,2,3,P,-1.9502074688796682,5.8604651162790695,2.0897423526005987,-6.0
131560000,2,3,P,-1.9504132231404958,5.86046511627907,2.089948106861426,-6.0
131560900,2,3,P,-1.950617283950617,5.8604651162790695,2.0901521676715475,-6.0
131561800,2,3,P,-1.9508196721311477,5.86046511627907,2.0903545558520777,-6.0
131565900,2,3,P,-1.9510204081632654,5.8604651162790695,2.090555291884195,-6.0
131566300,2,3,P,-1.9512195121951221,5.8604651162790695,2.090754395916052,-6.0
131567300,1,3,P,-1.9512195121951221,5.8604651162790695,2.090754395916052,-6.0
131580300,2,4,P,-1.9512195121951221,5.8604651162790695,2.090754395916052,-6.0
131586900,2,4,P,-1.9512195121951221,5.8604651162790695,2.090754395916052,-6.0
131593000,2,4,P,-1.9512195121951221,5.8604651162790695,2.090754395916052,-6.0
131593700,2,4,P,-1.9512195121951221,5.8604651162790695,2.090754395916052,-6.0
131602400,2,4,P,-1.9512195121951221,5.8604651162790695,2.090754395916052,-6.0
131602800,2,4,P,-1.9512195121951221,5.8604651162790695,2.090754395916052,-6.0
131608300,2,4,P,-1.9512195121951221,5.8604651162790695,2.090754395916052,-6.0
131611400,2,4,P,-1.9512195121951221,5.8604651162790695,2.090754395916052,-6.0
131612600,2,4,P,-1.9512195121951221,5.8604651162790695,2.090754395916052,-6.0
131614200,2,4,P,-1.9512195121951221,5.8604651162790695,2.090754395916052,-6.0
131615200,2,4,P,-1.9512195121951221,5.8604651162790695,2.090754395916052,-6.0
131616100,2,4,P,-1.9512195121951221,5.8604651162790695,2.090754395916052,-6.0
131617100,2,4,P,-1.9512195121951221,5.8604651162790695,2.090754395916052,-6.0
131646500,2,1,P,-1.9512195121951217,5.816091954022989,2.135127558172133,-6.0
131716900,2,4,P,-1.9512195121951217,5.816091954022989,2.135127558172133,-6.0
131722600,1,2,P,-1.951219512195122,5.8181818181818175,2.1330376940133036,-6.0
131725200,1,2,P,-1.951219512195122,5.820224719101123,2.1309947930939988,-6.0
131740700,1,2,P,-1.951219512195122,5.822222222222223,2.1289972899729,-6.0
131744300,2,3,P,-1.951417004048583,5.822222222222222,2.1291947818263606,-6.0
131745900,2,3,P,-1.9516129032258063,5.822222222222223,2.129390681003585,-6.0
131746400,2,3,P,-1.9518072289156627,5.822222222222223,2.1295850066934396,-6.0
131832300,2,3,P,-1.952,5.822222222222223,2.129777777777778,-6.0
131835200,2,3,P,-1.952191235059761,5.822222222222223,2.1299690128375386,-6.0
131835600,2,3,P,-1.9523809523809526,5.822222222222223,2.1301587301587297,-6.0
131836000,2,3,P,-1.9525691699604744,5.822222222222223,2.1303469477382517,-6.0
131836400,2,3,P,-1.952755905511811,5.822222222222223,2.1305336832895887,-6.0
131836800,2,3,P,-1.9529411764705884,5.822222222222223,2.1307189542483655,-6.0
131838200,2,3,P,-1.953125,5.822222222222223,2.130902777777777,-6.0
131839400,2,3,P,-1.9533073929961091,5.822222222222222,2.1310851707738867,-6.0
131846000,2,4,P,-1.9533073929961091,5.822222222222222,2.1310851707738867,-6.0
131851400,2,3,P,-1.9534883720930232,5.822222222222222,2.1312661498708008,-6.0
131854400,2,3,P,-1.9536679536679538,5.822222222222223,2.131445731445732,-6.0
131854800,2,3,P,-1.953846153846154,5.822222222222223,2.131623931623931,-6.0
131855200,2,3,P,-1.9540229885057472,5.822222222222223,2.131800766283525,-6.0
131855600,2,3,P,-1.9541984732824427,5.822222222222223,2.1319762510602205,-6.0
131855900,2,3,P,-1.9543726235741445,5.822222222222223,2.132150401351922,-6.0
131867700,2,3,P,-1.9545454545454546,5.822222222222223,2.132323232323232,-6.0
131868900,2,3,P,-1.9547169811320755,5.822222222222223,2.132494758909853,-6.0
131869600,2,3,P,-1.954887218045113,5.822222222222223,2.132664995822891,-6.0
131871000,2,3,P,-1.9550561797752808,5.822222222222223,2.132833957553059,-6.0
131876100,2,3,P,-1.955223880597015,5.822222222222223,2.1330016583747926,-6.0
131877500,2,3,P,-1.9553903345724906,5.822222222222223,2.1331681123502686,-6.0
131887000,2,3,P,-1.9555555555555557,5.822222222222223,2.133333333333333,-6.0
131887400,2,3,P,-1.955719557195572,5.822222222222223,2.1334973349733493,-6.0
131892100,2,3,P,-1.9558823529411764,5.822222222222223,2.133660130718954,-6.0
131894600,1,3,P,-1.9558823529411764,5.822222222222223,2.133660130718954,-6.0
131910200,2,3,P,-1.9560439560439562,5.822222222222222,2.1338217338217333,-6.0
131923000,1,2,P,-1.9560439560439562,5.824175824175825,2.1318681318681314,-6.0
131935700,2,3,P,-1.9562043795620438,5.824175824175825,2.1320285553862197,-6.0
131953100,1,2,P,-1.9562043795620438,5.826086956521738,2.1301174230403044,-6.0
131956500,1,2,P,-1.9562043795620438,5.827956989247312,2.1282473903147316,-6.0
131959100,1,2,P,-1.9562043795620436,5.829787234042553,2.12641714551949,-6.0
131998600,2,3,P,-1.9563636363636365,5.829787234042553,2.126576402321083,-6.0
132000200,2,3,P,-1.9565217391304348,5.829787234042553,2.1267345050878816,-6.0
132011600,2,3,P,-1.9566787003610109,5.829787234042554,2.1268914663184577,-6.0
132017200,2,3,P,-1.9568345323741008,5.829787234042553,2.1270472983315476,-6.0
132017900,2,3,P,-1.956989247311828,5.829787234042553,2.127202013269275,-6.0
132032400,2,3,P,-1.9571428571428573,5.829787234042553,2.1273556231003035,-6.0
132033700,2,3,P,-1.9572953736654806,5.829787234042553,2.127508139622927,-6.0
132038900,2,3,P,-1.9574468085106385,5.829787234042553,2.127659574468085,-6.0
132039500,2,3,P,-1.9575971731448762,5.829787234042553,2.127809939102324,-6.0
132047800,2,3,P,-1.9577464788732395,5.829787234042554,2.127959244830686,-6.0
132048500,2,3,P,-1.9578947368421054,5.829787234042553,2.1281075027995513,-6.0
132057400,2,3,P,-1.9580419580419584,5.829787234042554,2.1282547239994045,-6.0
132057900,2,3,P,-1.9581881533101044,5.829787234042554,2.1284009192675515,-6.0
132131700,2,3,P,-1.9583333333333335,5.829787234042553,2.12854609929078,-6.0
132214600,3,4,P,-1.9583333333333335,5.829787234042553,2.12854609929078,-6.0
132216800,3,4,P,-1.9583333333333335,5.829787234042553,2.12854609929078,-6.0
132249800,2,3,P,-1.9584775086505193,5.829787234042553,2.128690274607966,-6.0
132252300,2,3,P,-1.9586206896551726,5.829787234042552,2.128833455612618,-6.0
132252700,2,3,P,-1.9587628865979383,5.829787234042554,2.1289756525553853,-6.0
132253100,2,3,P,-1.958904109589041,5.829787234042554,2.1291168755464867,-6.0
132253400,2,3,P,-1.9590443686006829,5.829787234042552,2.129257134558129,-6.0
132253800,2,3,P,-1.959183673469388,5.829787234042553,2.1293964394268343,-6.0
132254200,2,3,P,-1.959322033898305,5.829787234042554,2.1295347998557514,-6.0
132254700,2,3,P,-1.9594594594594597,5.829787234042554,2.1296722254169063,-6.0
132255100,2,3,P,-1.9595959595959598,5.829787234042553,2.1298087255534064,-6.0
132255500,2,3,P,-1.9597315436241611,5.829787234042553,2.129944309581607,-6.0
132256000,2,3,P,-1.959866220735786,5.829787234042553,2.130078986693233,-6.0
132256600,2,3,P,-1.96,5.829787234042553,2.1302127659574466,-6.0
132257200,2,3,P,-1.9601328903654487,5.829787234042553,2.1303456563228953,-6.0
132258900,2,3,P,-1.9602649006622517,5.829787234042553,2.130477666619698,-6.0
132259500,2,3,P,-1.9603960396039604,5.829787234042553,2.1306088055614074,-6.0
132260200,2,3,P,-1.960526315789474,5.829787234042553,2.130739081746921,-6.0
132281200,2,4,P,-1.960526315789474,5.829787234042553,2.130739081746921,-6.0
132285000,2,4,P,-1.960526315789474,5.829787234042553,2.130739081746921,-6.0
132285800,2,4,P,-1.960526315789474,5.829787234042553,2.130739081746921,-6.0
132440300,2,3,P,-1.960655737704918,5.829787234042553,2.1308685036623647,-6.0
132491800,2,3,P,-1.9607843137254903,5.829787234042553,2.1309970796829374,-6.0
132535800,2,3,P,-1.960912052117264,5.829787234042554,2.1311248180747104,-6.0
132614000,2,3,P,-1.961038961038961,5.829787234042553,2.1312517269964077,-6.0
132615500,2,3,P,-1.9611650485436893,5.829787234042552,2.131377814501136,-6.0
132628300,2,3,P,-1.961290322580645,5.829787234042553,2.1315030885380923,-6.0
132628800,2,3,P,-1.9614147909967845,5.829787234042553,2.1316275569542316,-6.0
132630100,2,3,P,-1.9615384615384617,5.829787234042552,2.131751227495908,-6.0
132658900,2,3,P,-1.961661341853035,5.829787234042553,2.131874107810482,-6.0
132820300,2,3,P,-1.961783439490446,5.829787234042554,2.1319962054478925,-6.0
132821400,2,3,P,-1.961904761904762,5.829787234042553,2.1321175278622087,-6.0
132922800,2,4,P,-1.961904761904762,5.829787234042553,2.1321175278622087,-6.0
132924600,2,4,P,-1.961904761904762,5.829787234042553,2.1321175278622087,-6.0
132926700,2,4,P,-1.961904761904762,5.829787234042553,2.1321175278622087,-6.0
132968700,2,3,P,-1.9620253164556962,5.829787234042553,2.132238082413142,-6.0
132970800,2,3,P,-1.9621451104100947,5.829787234042553,2.1323578763675415,-6.0
132972200,2,3,P,-1.962264150943396,5.829787234042552,2.1324769169008424,-6.0
132972800,2,3,P,-1.9623824451410656,5.829787234042552,2.1325952110985122,-6.0
133073000,2,4,P,-1.9623824451410656,5.829787234042552,2.1325952110985122,-6.0
133133300,2,3,P,-1.9625000000000004,5.829787234042554,2.1327127659574465,-6.0
133135000,2,3,P,-1.9626168224299068,5.829787234042553,2.132829588387353,-6.0
133137100,2,3,P,-1.9627329192546585,5.829787234042553,2.1329456852121056,-6.0
133143200,2,3,P,-1.962848297213622,5.829787234042554,2.133061063171069,-6.0
133143800,2,3,P,-1.9629629629629628,5.829787234042553,2.13317572892041,-6.0
133192100,1,4,P,-1.9629629629629628,5.829787234042553,2.13317572892041,-6.0
133195300,1,4,P,-1.9629629629629628,5.829787234042553,2.13317572892041,-6.0
133235600,1,2,P,-1.9629629629629628,5.8315789473684205,2.131384015594542,-6.0
133238100,2,3,P,-1.963076923076923,5.8315789473684205,2.1314979757085015,-6.0
133239800,2,3,P,-1.9631901840490797,5.8315789473684205,2.1316112366806585,-6.0
133240800,2,3,P,-1.9633027522935782,5.831578947368421,2.1317238049251563,-6.0
133241700,2,3,P,-1.9634146341463414,5.831578947368421,2.13183568677792,-6.0
133242700,2,3,P,-1.9635258358662613,5.8315789473684205,2.1319468884978403,-6.0
133346100,1,2,P,-1.9635258358662615,5.833333333333334,2.1301925025329282,-6.0
133349600,2,3,P,-1.9636363636363638,5.833333333333333,2.1303030303030304,-6.0
133351500,1,4,P,-1.9636363636363638,5.833333333333333,2.1303030303030304,-6.0
133356300,2,3,P,-1.9637462235649548,5.833333333333333,2.1304128902316215,-6.0
133363500,2,3,P,-1.9638554216867472,5.833333333333333,2.130522088353413,-6.0
133364000,2,3,P,-1.9639639639639643,5.833333333333333,2.13063063063063,-6.0
133374400,2,4,P,-1.9639639639639643,5.833333333333333,2.13063063063063,-6.0
133584200,2,3,P,-1.9640718562874253,5.833333333333333,2.1307385229540916,-6.0
133585900,2,3,P,-1.964179104477612,5.833333333333333,2.1308457711442785,-6.0
133597600,2,4,P,-1.964179104477612,5.833333333333333,2.1308457711442785,-6.0
133602200,2,3,P,-1.9642857142857144,5.833333333333333,2.130952380952381,-6.0
133749900,2,3,P,-1.9643916913946589,5.833333333333333,2.1310583580613254,-6.0
133752400,2,3,P,-1.9644970414201184,5.833333333333334,2.1311637080867847,-6.0
133756200,2,3,P,-1.9646017699115046,5.833333333333334,2.1312684365781713,-6.0
133763000,2,3,P,-1.9647058823529413,5.833333333333334,2.1313725490196083,-6.0
133765000,2,3,P,-1.964809384164223,5.833333333333334,2.1314760508308894,-6.0
133768100,2,3,P,-1.9649122807017545,5.833333333333333,2.131578947368421,-6.0
133772700,2,3,P,-1.9650145772594754,5.833333333333334,2.131681243926142,-6.0
133773300,2,3,P,-1.9651162790697676,5.833333333333333,2.1317829457364343,-6.0
133773900,2,3,P,-1.965217391304348,5.833333333333333,2.1318840579710145,-6.0
133775100,2,3,P,-1.9653179190751446,5.833333333333333,2.131984585741811,-6.0
133775700,2,3,P,-1.9654178674351586,5.833333333333334,2.132084534101825,-6.0
133776200,2,3,P,-1.9655172413793105,5.833333333333334,2.1321839080459775,-6.0
133777000,2,3,P,-1.9656160458452723,5.833333333333334,2.1322827125119392,-6.0
133806500,2,3,P,-1.9657142857142857,5.833333333333334,2.1323809523809527,-6.0
133837900,2,3,P,-1.965811965811966,5.833333333333333,2.132478632478633,-6.0
133838700,2,3,P,-1.9659090909090908,5.833333333333333,2.132575757575758,-6.0
133839500,2,3,P,-1.9660056657223794,5.833333333333333,2.132672332389046,-6.0
133840400,2,3,P,-1.9661016949152543,5.833333333333333,2.1327683615819204,-6.0
133867900,2,3,P,-1.9661971830985918,5.833333333333333,2.1328638497652577,-6.0
133868900,2,3,P,-1.9662921348314606,5.833333333333333,2.132958801498127,-6.0
133903200,3,4,P,-1.9662921348314606,5.833333333333333,2.132958801498127,-6.0
133978800,1,2,P,-1.9662921348314608,5.835051546391753,2.1312405884397085,-6.0
133980800,2,3,P,-1.9663865546218489,5.835051546391753,2.131335008230096,-6.0
133983300,2,3,P,-1.9664804469273742,5.835051546391753,2.1314289005356217,-6.0
133983700,2,3,P,-1.966573816155989,5.835051546391753,2.1315222697642366,-6.0
133984100,2,3,P,-1.9666666666666668,5.835051546391754,2.1316151202749145,-6.0
133984400,2,3,P,-1.966759002770083,5.835051546391753,2.1317074563783294,-6.0
133984800,2,3,P,-1.9668508287292819,5.835051546391753,2.131799282337529,-6.0
133985900,2,4,P,-1.9668508287292819,5.835051546391753,2.131799282337529,-6.0
134262000,2,4,P,-1.9668508287292819,5.835051546391753,2.131799282337529,-6.0
134267400,2,3,P,-1.9669421487603307,5.835051546391753,2.1318906023685784,-6.0
134312500,1,2,P,-1.9669421487603307,5.836734693877551,2.1302074548827794,-6.0
134316700,2,3,P,-1.9670329670329672,5.836734693877551,2.1302982731554163,-6.0
134318400,2,3,P,-1.967123287671233,5.836734693877552,2.130388593793682,-6.0
134322300,2,3,P,-1.9672131147540983,5.83673469387755,2.1304784208765475,-6.0
134354200,1,3,P,-1.9672131147540983,5.83673469387755,2.1304784208765475,-6.0
134357500,1,3,P,-1.9672131147540983,5.83673469387755,2.1304784208765475,-6.0
134372400,1,3,P,-1.9672131147540983,5.83673469387755,2.1304784208765475,-6.0
134378700,1,3,P,-1.9672131147540983,5.83673469387755,2.1304784208765475,-6.0
134381200,1,3,P,-1.9672131147540983,5.83673469387755,2.1304784208765475,-6.0
134385600,1,3,P,-1.9672131147540983,5.83673469387755,2.1304784208765475,-6.0
134391100,1,3,P,-1.9672131147540983,5.83673469387755,2.1304784208765475,-6.0
134542600,2,3,P,-1.9673024523160763,5.836734693877552,2.1305677584385254,-6.0
134597400,3,4,P,-1.9673024523160763,5.836734693877552,2.1305677584385254,-6.0
134601300,1,3,P,-1.9673024523160763,5.836734693877552,2.1305677584385254,-6.0
134611000,2,4,P,-1.9673024523160763,5.836734693877552,2.1305677584385254,-6.0
134613800,2,4,P,-1.9673024523160763,5.836734693877552,2.1305677584385254,-6.0
134614700,2,4,P,-1.9673024523160763,5.836734693877552,2.1305677584385254,-6.0
134711400,1,2,P,-1.9673024523160763,5.838383838383838,2.128918613932238,-6.0
134714500,1,2,P,-1.967302452316076,5.84,2.1273024523160764,-6.0
134716900,1,2,P,-1.9673024523160763,5.841584158415841,2.125718293900235,-6.0
134726200,2,3,P,-1.9673913043478262,5.841584158415841,2.1258071459319847,-6.0
135086000,2,3,P,-1.9674796747967478,5.841584158415841,2.1258955163809063,-6.0
135091500,2,3,P,-1.9675675675675675,5.8415841584158406,2.1259834091517256,-6.0
135093500,2,3,P,-1.967654986522911,5.841584158415841,2.12607082810707,-6.0
135095400,2,3,P,-1.9677419354838708,5.841584158415841,2.1261577770680296,-6.0
135097700,2,3,P,-1.967828418230563,5.841584158415841,2.126244259814722,-6.0
135106500,2,3,P,-1.9679144385026737,5.841584158415841,2.1263302800868322,-6.0
135107200,2,3,P,-1.968,5.841584158415841,2.126415841584158,-6.0
135109100,2,3,P,-1.9680851063829787,5.841584158415841,2.1265009479671377,-6.0
135110400,2,3,P,-1.9681697612732094,5.841584158415841,2.126585602857368,-6.0
135113100,2,3,P,-1.9682539682539681,5.841584158415841,2.126669809838127,-6.0
135117500,2,3,P,-1.9683377308707124,5.841584158415841,2.1267535724548705,-6.0
135134700,2,3,P,-1.9684210526315788,5.841584158415841,2.126836894215737,-6.0
135136700,2,3,P,-1.968503937007874,5.841584158415841,2.1269197785920326,-6.0
135139900,2,3,P,-1.9685863874345548,5.841584158415841,2.1270022290187134,-6.0
135140500,2,3,P,-1.968668407310705,5.841584158415841,2.1270842488948634,-6.0
135145300,2,3,P,-1.9687499999999998,5.841584158415841,2.1271658415841586,-6.0
135149000,2,3,P,-1.968831168831169,5.841584158415841,2.1272470104153274,-6.0
135149600,2,3,P,-1.9689119170984455,5.841584158415841,2.127327758682604,-6.0
135157700,2,3,P,-1.9689922480620152,5.8415841584158406,2.127408089646174,-6.0
135163400,2,3,P,-1.9690721649484537,5.8415841584158406,2.1274880065326123,-6.0
135174000,1,3,P,-1.9690721649484537,5.8415841584158406,2.1274880065326123,-6.0
135245200,2,3,P,-1.9691516709511567,5.8415841584158406,2.127567512535315,-6.0
135287100,1,4,P,-1.9691516709511567,5.8415841584158406,2.127567512535315,-6.0
135308100,1,2,P,-1.969151670951157,5.843137254901961,2.126014416049196,-6.0
135322300,2,4,P,-1.969151670951157,5.843137254901961,2.126014416049196,-6.0
135412000,1,4,P,-1.969151670951157,5.843137254901961,2.126014416049196,-6.0
135413800,1,4,P,-1.969151670951157,5.843137254901961,2.126014416049196,-6.0
135427600,1,4,P,-1.969151670951157,5.843137254901961,2.126014416049196,-6.0
135431800,2,3,P,-1.9692307692307693,5.8431372549019605,2.126093514328808,-6.0
135439300,2,3,P,-1.9693094629156012,5.843137254901961,2.12617220801364,-6.0
135481600,2,3,P,-1.969387755102041,5.843137254901961,2.1262505002000798,-6.0
135484000,2,3,P,-1.969465648854962,5.8431372549019605,2.126328393953001,-6.0
135526000,2,3,P,-1.969543147208122,5.843137254901961,2.1264058923061615,-6.0
135579800,2,3,P,-1.969620253164557,5.843137254901961,2.1264829982625955,-6.0
135592900,2,3,P,-1.96969696969697,5.843137254901961,2.1265597147950093,-6.0
135601900,2,3,P,-1.9697732997481108,5.843137254901961,2.12663604484615,-6.0
135605500,2,3,P,-1.9698492462311559,5.843137254901961,2.126711991329195,-6.0
135607600,2,3,P,-1.969924812030075,5.843137254901961,2.1267875571281145,-6.0
135614200,2,3,P,-1.9700000000000002,5.843137254901961,2.1268627450980397,-6.0
135619200,2,4,P,-1.9700000000000002,5.843137254901961,2.1268627450980397,-6.0
135622200,2,3,P,-1.9700748129675811,5.843137254901961,2.1269375580656202,-6.0
135623300,2,3,P,-1.9701492537313432,5.843137254901961,2.1270119988293823,-6.0
135703500,2,3,P,-1.970223325062035,5.843137254901961,2.127086070160074,-6.0
135705000,2,3,P,-1.9702970297029703,5.843137254901961,2.12715977480101,-6.0
135705400,2,3,P,-1.9703703703703703,5.843137254901961,2.1272331154684103,-6.0
135707700,1,2,P,-1.9703703703703705,5.844660194174757,2.1257101761956134,-6.0
135733700,2,3,P,-1.9704433497536944,5.844660194174757,2.125783155578937,-6.0
135738500,2,3,P,-1.9705159705159705,5.844660194174757,2.125855776341213,-6.0
135943700,2,3,P,-1.9705882352941178,5.844660194174757,2.1259280411193604,-6.0
135945300,2,3,P,-1.9706601466992666,5.844660194174757,2.1259999525245092,-6.0
135946000,2,3,P,-1.9707317073170734,5.8446601941747565,2.126071513142316,-6.0
135946500,2,3,P,-1.9708029197080292,5.844660194174757,2.126142725533272,-6.0
135972800,1,2,P,-1.9708029197080292,5.846153846153847,2.124649073554183,-6.0
135977900,1,2,P,-1.9708029197080292,5.847619047619048,2.123183872088982,-6.0
136062500,2,3,P,-1.9708737864077668,5.847619047619048,2.1232547387887197,-6.0
136102100,2,3,P,-1.970944309927361,5.847619047619047,2.123325262308313,-6.0
136111500,2,3,P,-1.971014492753623,5.847619047619048,2.1233954451345753,-6.0
136115200,2,3,P,-1.9710843373493978,5.847619047619048,2.12346528973035,-6.0
136197000,1,4,P,-1.9710843373493978,5.847619047619048,2.12346528973035,-6.0
136214900,2,3,P,-1.9711538461538463,5.847619047619048,2.1235347985347985,-6.0
136216900,2,3,P,-1.971223021582734,5.847619047619048,2.123603973963686,-6.0
136219800,2,3,P,-1.9712918660287082,5.847619047619048,2.123672818409661,-6.0
136221400,2,3,P,-1.9713603818615753,5.847619047619048,2.123741334242528,-6.0
136222200,2,3,P,-1.9714285714285715,5.847619047619047,2.1238095238095234,-6.0
136224200,2,3,P,-1.9714964370546317,5.847619047619048,2.123877389435584,-6.0
136224600,2,3,P,-1.971563981042654,5.847619047619048,2.1239449334236067,-6.0
136226200,2,3,P,-1.971631205673759,5.847619047619048,2.124012158054711,-6.0
136227800,2,3,P,-1.9716981132075473,5.847619047619048,2.1240790655885,-6.0
136229000,2,3,P,-1.971764705882353,5.847619047619048,2.1241456582633056,-6.0
136230000,2,3,P,-1.971830985915493,5.847619047619048,2.1242119382964457,-6.0
136232000,2,3,P,-1.971896955503513,5.847619047619048,2.1242779078844656,-6.0
136238500,2,3,P,-1.97196261682243,5.847619047619047,2.1243435692033823,-6.0
136239900,2,3,P,-1.9720279720279719,5.847619047619048,2.124408924408925,-6.0
136244400,2,3,P,-1.972093023255814,5.847619047619047,2.124473975636766,-6.0
136245800,2,3,P,-1.9721577726218098,5.847619047619048,2.1245387250027616,-6.0
136310400,2,3,P,-1.9722222222222223,5.847619047619048,2.124603174603175,-6.0
136311600,2,3,P,-1.9722863741339491,5.847619047619049,2.124667326514902,-6.0
136311900,2,3,P,-1.9723502304147464,5.847619047619048,2.124731182795699,-6.0
136314800,2,3,P,-1.9724137931034482,5.847619047619048,2.124794745484401,-6.0
136370900,2,3,P,-1.9724770642201834,5.847619047619048,2.124858016601136,-6.0
136371900,2,3,P,-1.9725400457665905,5.847619047619048,2.124920998147543,-6.0
136394100,2,3,P,-1.9726027397260275,5.847619047619048,2.12498369210698,-6.0
136410500,2,3,P,-1.9726651480637811,5.847619047619048,2.125046100444734,-6.0
136418900,2,4,P,-1.9726651480637811,5.847619047619048,2.125046100444734,-6.0
136463800,1,2,P,-1.9726651480637811,5.849056603773584,2.1236085442901964,-6.0
136472100,2,3,P,-1.9727272727272727,5.849056603773585,2.1236706689536877,-6.0
136473100,2,3,P,-1.9727891156462587,5.849056603773584,2.123732511872674,-6.0
136474500,2,3,P,-1.9728506787330318,5.849056603773585,2.1237940749594464,-6.0
136478000,2,3,P,-1.9729119638826185,5.849056603773585,2.123855360109033,-6.0
136479200,2,3,P,-1.972972972972973,5.849056603773585,2.123916369199388,-6.0
136513400,2,3,P,-1.9730337078651683,5.849056603773585,2.123977104091584,-6.0
136517600,2,3,P,-1.9730941704035876,5.849056603773585,2.1240375666300024,-6.0
136518300,2,3,P,-1.9731543624161072,5.849056603773586,2.1240977586425225,-6.0
136519900,2,3,P,-1.9732142857142858,5.849056603773584,2.1241576819407006,-6.0
136533100,2,3,P,-1.9732739420935412,5.849056603773585,2.1242173383199563,-6.0
136533500,2,3,P,-1.9733333333333334,5.849056603773584,2.1242767295597482,-6.0
136535900,1,4,P,-1.9733333333333334,5.849056603773584,2.1242767295597482,-6.0
136540000,2,3,P,-1.9733924611973395,5.849056603773585,2.124335857423755,-6.0
136541800,2,3,P,-1.9734513274336285,5.849056603773585,2.1243947236600436,-6.0
136548200,1,3,P,-1.9734513274336285,5.849056603773585,2.1243947236600436,-6.0
136574300,2,3,P,-1.9735099337748343,5.849056603773584,2.124453330001249,-6.0
136650200,2,3,P,-1.9735682819383258,5.849056603773584,2.1245116781647404,-6.0
136707300,1,3,P,-1.9735682819383258,5.849056603773584,2.1245116781647404,-6.0
136708900,1,3,P,-1.9735682819383258,5.849056603773584,2.1245116781647404,-6.0
136709500,1,3,P,-1.9735682819383258,5.849056603773584,2.1245116781647404,-6.0
136728300,2,4,P,-1.9735682819383258,5.849056603773584,2.1245116781647404,-6.0
136736100,2,3,P,-1.9736263736263737,5.849056603773584,2.124569769852789,-6.0
136739300,2,3,P,-1.973684210526316,5.849056603773584,2.124627606752731,-6.0
136742700,2,3,P,-1.9737417943107223,5.849056603773584,2.124685190537137,-6.0
136825500,1,3,P,-1.9737417943107223,5.849056603773584,2.124685190537137,-6.0
136828000,1,3,P,-1.9737417943107223,5.849056603773584,2.124685190537137,-6.0
136829400,1,2,P,-1.9737417943107223,5.850467289719627,2.123274504591096,-6.0
136831800,1,2,P,-1.9737417943107223,5.851851851851852,2.1218899424588704,-6.0
136832300,1,2,P,-1.9737417943107223,5.853211009174312,2.12053078513641,-6.0
136833800,2,3,P,-1.9737991266375547,5.853211009174313,2.120588117463243,-6.0
136835400,2,3,P,-1.9738562091503267,5.853211009174312,2.1206451999760145,-6.0
136836600,2,3,P,-1.9739130434782608,5.853211009174313,2.1207020343039495,-6.0
136838400,2,3,P,-1.9739696312364425,5.853211009174313,2.1207586220621306,-6.0
136845200,2,3,P,-1.974025974025974,5.853211009174313,2.1208149648516628,-6.0
136845800,2,3,P,-1.9740820734341256,5.853211009174312,2.1208710642598128,-6.0
136847700,2,3,P,-1.9741379310344827,5.853211009174312,2.120926921860171,-6.0
136863100,2,4,P,-1.9741379310344827,5.853211009174312,2.120926921860171,-6.0
136872200,2,4,P,-1.9741379310344827,5.853211009174312,2.120926921860171,-6.0
136872700,2,4,P,-1.9741379310344827,5.853211009174312,2.120926921860171,-6.0
136874200,2,4,P,-1.9741379310344827,5.853211009174312,2.120926921860171,-6.0
136881600,3,4,P,-1.9741379310344827,5.853211009174312,2.120926921860171,-6.0
136913900,1,2,P,-1.9741379310344827,5.8545454545454545,2.119592476489028,-6.0
136921700,2,3,P,-1.974193548387097,5.8545454545454545,2.1196480938416418,-6.0
136924400,2,3,P,-1.9742489270386265,5.854545454545455,2.119703472493171,-6.0
136927200,2,3,P,-1.974304068522484,5.8545454545454545,2.1197586139770297,-6.0
136928400,2,3,P,-1.9743589743589742,5.854545454545455,2.1198135198135195,-6.0
136929800,2,3,P,-1.9744136460554371,5.8545454545454545,2.1198681915099824,-6.0
136935200,2,3,P,-1.974468085106383,5.854545454545455,2.1199226305609287,-6.0
136935700,2,3,P,-1.9745222929936306,5.854545454545455,2.119976838448176,-6.0
136952300,1,2,P,-1.9745222929936306,5.855855855855857,2.118666437137775,-6.0
137090100,2,3,P,-1.9745762711864407,5.855855855855857,2.1187204153305856,-6.0
137093200,2,3,P,-1.9746300211416492,5.855855855855856,2.1187741652857928,-6.0
137093900,2,3,P,-1.9746835443037973,5.855855855855856,2.118827688447942,-6.0
137095000,2,3,P,-1.9747368421052633,5.8558558558558556,2.1188809862494073,-6.0
137097200,2,3,P,-1.9747899159663866,5.855855855855856,2.118934060110531,-6.0
137100500,2,3,P,-1.9748427672955977,5.855855855855856,2.1189869114397415,-6.0
137129400,2,4,P,-1.9748427672955977,5.855855855855856,2.1189869114397415,-6.0
137158600,1,3,P,-1.9748427672955977,5.855855855855856,2.1189869114397415,-6.0
137183000,2,3,P,-1.97489539748954,5.8558558558558556,2.119039541633683,-6.0
137184100,2,3,P,-1.9749478079331944,5.8558558558558556,2.1190919520773384,-6.0
137185900,2,3,P,-1.9749999999999999,5.855855855855856,2.119144144144144,-6.0
137186200,2,3,P,-1.975051975051975,5.8558558558558556,2.119196119196119,-6.0
137186700,2,3,P,-1.9751037344398341,5.8558558558558556,2.1192478785839786,-6.0
137196000,2,4,P,-1.9751037344398341,5.8558558558558556,2.1192478785839786,-6.0
137216800,2,3,P,-1.9751552795031058,5.8558558558558556,2.1192994236472495,-6.0
137218400,2,3,P,-1.9752066115702478,5.855855855855857,2.119350755714392,-6.0
137219200,2,3,P,-1.975257731958763,5.8558558558558556,2.1194018761029074,-6.0
137223700,2,3,P,-1.9753086419753088,5.855855855855856,2.119452786119453,-6.0
137380400,1,4,P,-1.9753086419753088,5.855855855855856,2.119452786119453,-6.0
137382000,1,4,P,-1.9753086419753088,5.855855855855856,2.119452786119453,-6.0
137401800,2,3,P,-1.975359342915811,5.855855855855856,2.1195034870599545,-6.0
137403500,2,3,P,-1.9754098360655739,5.8558558558558556,2.1195539802097176,-6.0
137409100,2,3,P,-1.9754601226993866,5.855855855855856,2.1196042668435306,-6.0
137610400,2,3,P,-1.9755102040816328,5.855855855855856,2.119654348225776,-6.0
137612000,2,3,P,-1.9755600814663952,5.855855855855856,2.1197042256105396,-6.0
137612400,2,3,P,-1.9756097560975612,5.8558558558558556,2.119753900241705,-6.0
137612900,2,3,P,-1.975659229208925,5.855855855855856,2.1198033733530686,-6.0
137613300,2,3,P,-1.9757085020242915,5.855855855855856,2.119852646168436,-6.0
137613400,1,4,P,-1.9757085020242915,5.855855855855856,2.119852646168436,-6.0
137620300,1,4,P,-1.9757085020242915,5.855855855855856,2.119852646168436,-6.0
137620800,1,4,P,-1.9757085020242915,5.855855855855856,2.119852646168436,-6.0
137621300,1,4,P,-1.9757085020242915,5.855855855855856,2.119852646168436,-6.0
137627200,1,4,P,-1.9757085020242915,5.855855855855856,2.119852646168436,-6.0
137644900,2,3,P,-1.9757575757575758,5.8558558558558556,2.1199017199017196,-6.0
137646700,2,3,P,-1.9758064516129032,5.8558558558558556,2.119950595757047,-6.0
137647000,2,3,P,-1.9758551307847083,5.8558558558558556,2.1199992749288517,-6.0
137669100,2,3,P,-1.9759036144578312,5.855855855855856,2.1200477586019755,-6.0
137671700,2,3,P,-1.9759519038076154,5.855855855855856,2.1200960479517588,-6.0
137672100,2,3,P,-1.9760000000000002,5.855855855855856,2.1201441441441444,-6.0
137672500,2,3,P,-1.9760479041916168,5.855855855855856,2.12019204833576,-6.0
137672800,2,3,P,-1.9760956175298805,5.855855855855856,2.1202397616740245,-6.0
137676300,2,3,P,-1.9761431411530814,5.855855855855856,2.1202872852972257,-6.0
137690100,2,3,P,-1.9761904761904763,5.855855855855856,2.1203346203346207,-6.0
137694400,2,3,P,-1.9762376237623764,5.8558558558558556,2.1203817679065207,-6.0
137782300,2,3,P,-1.9762845849802373,5.8558558558558556,2.1204287291243813,-6.0
137787300,2,3,P,-1.9763313609467454,5.855855855855856,2.1204755050908894,-6.0
137787700,2,3,P,-1.9763779527559056,5.855855855855857,2.12052209690005,-6.0
137788000,2,3,P,-1.9764243614931238,5.855855855855856,2.1205685056372676,-6.0
137811200,1,4,P,-1.9764243614931238,5.855855855855856,2.1205685056372676,-6.0
138050700,3,4,P,-1.9764243614931238,5.855855855855856,2.1205685056372676,-6.0
138308300,3,4,P,-1.9764243614931238,5.855855855855856,2.1205685056372676,-6.0
138314100,2,3,P,-1.9764705882352942,5.8558558558558556,2.120614732379438,-6.0
138316000,2,3,P,-1.9765166340508804,5.855855855855856,2.1206607781950244,-6.0
138319200,2,3,P,-1.9765625,5.855855855855857,2.120706644144144,-6.0
138320300,2,3,P,-1.976608187134503,5.855855855855856,2.1207523312786467,-6.0
138321200,2,3,P,-1.9766536964980546,5.855855855855857,2.1207978406421986,-6.0
138322000,2,3,P,-1.9766990291262136,5.855855855855857,2.120843173270358,-6.0
138322700,2,3,P,-1.9767441860465116,5.855855855855856,2.120888330190656,-6.0
138323300,2,3,P,-1.9767891682785301,5.855855855855857,2.120933312422674,-6.0
138324600,2,3,P,-1.9768339768339767,5.855855855855857,2.120978120978121,-6.0
138326300,2,3,P,-1.976878612716763,5.855855855855856,2.121022756860907,-6.0
138327000,2,3,P,-1.976923076923077,5.855855855855857,2.1210672210672215,-6.0
138331300,2,3,P,-1.976967370441459,5.855855855855856,2.1211115145856025,-6.0
138336200,2,3,P,-1.9770114942528734,5.8558558558558556,2.121155638397017,-6.0
138338000,2,3,P,-1.977055449330784,5.855855855855856,2.121199593474928,-6.0
138352100,2,3,P,-1.9770992366412212,5.855855855855856,2.1212433807853657,-6.0
138352800,2,3,P,-1.9771428571428569,5.8558558558558556,2.1212870012870013,-6.0
138366700,2,3,P,-1.9771863117870723,5.8558558558558556,2.1213304559312167,-6.0
138367200,2,3,P,-1.9772296015180266,5.855855855855856,2.1213737456621704,-6.0
138370300,2,3,P,-1.9772727272727273,5.855855855855856,2.121416871416871,-6.0
138371300,2,3,P,-1.9773156899810962,5.8558558558558556,2.12145983412524,-6.0
138373300,2,3,P,-1.977358490566038,5.855855855855856,2.1215026347101817,-6.0
138374100,2,3,P,-1.9774011299435028,5.855855855855857,2.1215452740876475,-6.0
138385400,2,3,P,-1.9774436090225562,5.855855855855857,2.1215877531667005,-6.0
138387100,2,3,P,-1.9774859287054412,5.8558558558558556,2.1216300728495843,-6.0
138387900,2,3,P,-1.9775280898876404,5.855855855855856,2.1216722340317844,-6.0
138388500,2,3,P,-1.9775700934579439,5.8558558558558556,2.121714237602088,-6.0
138389900,2,3,P,-1.9776119402985075,5.855855855855856,2.1217560844426515,-6.0
138391100,2,3,P,-1.9776536312849162,5.855855855855856,2.1217977754290605,-6.0
138391900,2,3,P,-1.9776951672862455,5.855855855855856,2.121839311430389,-6.0
138471000,2,3,P,-1.9777365491651209,5.855855855855857,2.121880693309265,-6.0
138472800,2,3,P,-1.9777777777777779,5.855855855855857,2.121921921921922,-6.0
138473700,2,3,P,-1.9778188539741222,5.8558558558558556,2.121962998118267,-6.0
138474700,2,3,P,-1.9778597785977858,5.8558558558558556,2.1220039227419303,-6.0
138475500,2,3,P,-1.977900552486188,5.855855855855856,2.122044696630332,-6.0
138476000,2,3,P,-1.9779411764705883,5.855855855855856,2.1220853206147328,-6.0
138476600,2,3,P,-1.977981651376147,5.855855855855856,2.122125795520291,-6.0
138477100,2,3,P,-1.978021978021978,5.855855855855856,2.122166122166122,-6.0
138477700,2,3,P,-1.9780621572212065,5.855855855855856,2.122206301365351,-6.0
138478200,2,3,P,-1.978102189781022,5.855855855855856,2.1222463339251654,-6.0
138478800,2,3,P,-1.9781420765027322,5.8558558558558556,2.1222862206468767,-6.0
138479300,2,3,P,-1.9781818181818183,5.855855855855856,2.122325962325963,-6.0
138479800,2,3,P,-1.9782214156079856,5.855855855855856,2.1223655597521294,-6.0
138480300,2,3,P,-1.9782608695652175,5.855855855855856,2.1224050137093613,-6.0
138480900,2,3,P,-1.9783001808318268,5.855855855855855,2.1224443249759704,-6.0
138481400,2,3,P,-1.9783393501805053,5.855855855855856,2.1224834943246496,-6.0
138482200,2,3,P,-1.9783783783783786,5.855855855855857,2.122522522522522,-6.0
138482700,2,3,P,-1.9784172661870505,5.8558558558558556,2.122561410331194,-6.0
138483300,2,3,P,-1.9784560143626573,5.855855855855856,2.1226001585068013,-6.0
138483900,2,3,P,-1.978494623655914,5.855855855855856,2.1226387678000584,-6.0
138485400,2,3,P,-1.9785330948121647,5.855855855855856,2.1226772389563084,-6.0
138486900,2,4,P,-1.9785330948121647,5.855855855855856,2.1226772389563084,-6.0
138539300,2,3,P,-1.9785714285714286,5.855855855855857,2.122715572715573,-6.0
138540600,2,3,P,-1.9786096256684493,5.8558558558558556,2.1227537698125936,-6.0
138542500,2,3,P,-1.9786476868327403,5.8558558558558556,2.122791830976884,-6.0
138543500,2,3,P,-1.9786856127886325,5.855855855855857,2.1228297569327768,-6.0
138544400,2,3,P,-1.9787234042553192,5.855855855855856,2.1228675483994626,-6.0
138550200,2,3,P,-1.978761061946903,5.855855855855856,2.122905206091047,-6.0
138564300,2,3,P,-1.978798586572438,5.8558558558558556,2.1229427307165825,-6.0
138565200,2,3,P,-1.9788359788359786,5.855855855855856,2.122980122980123,-6.0
138566500,2,3,P,-1.9788732394366197,5.8558558558558556,2.123017383580763,-6.0
138587500,2,3,P,-1.9789103690685412,5.855855855855856,2.123054513212686,-6.0
138588300,2,3,P,-1.9789473684210526,5.8558558558558556,2.1230915125651966,-6.0
138588900,2,3,P,-1.9789842381786338,5.8558558558558556,2.123128382322778,-6.0
138589600,2,3,P,-1.9790209790209792,5.8558558558558556,2.1231651231651227,-6.0
138595700,2,3,P,-1.9790575916230368,5.855855855855856,2.1232017357671813,-6.0
138622300,2,3,P,-1.9790940766550522,5.8558558558558556,2.1232382207991964,-6.0
138623300,2,3,P,-1.9791304347826089,5.855855855855856,2.1232745789267526,-6.0
138623800,2,3,P,-1.9791666666666667,5.8558558558558556,2.1233108108108105,-6.0
138628200,2,3,P,-1.979202772963605,5.8558558558558556,2.123346917107749,-6.0
138666800,3,4,P,-1.979202772963605,5.8558558558558556,2.123346917107749,-6.0
138668700,3,4,P,-1.979202772963605,5.8558558558558556,2.123346917107749,-6.0
138716400,3,4,P,-1.979202772963605,5.8558558558558556,2.123346917107749,-6.0
138716800,3,4,P,-1.979202772963605,5.8558558558558556,2.123346917107749,-6.0
138717200,3,4,P,-1.979202772963605,5.8558558558558556,2.123346917107749,-6.0
138719900,2,3,P,-1.9792387543252596,5.855855855855856,2.1233828984694036,-6.0
138722100,2,3,P,-1.9792746113989637,5.855855855855856,2.123418755543108,-6.0
138722500,2,3,P,-1.9793103448275862,5.8558558558558556,2.123454488971731,-6.0
138723000,2,3,P,-1.9793459552495696,5.855855855855856,2.1234900993937136,-6.0
138724000,2,3,P,-1.9793814432989691,5.8558558558558556,2.123525587443113,-6.0
138725400,2,3,P,-1.979416809605489,5.8558558558558556,2.123560953749633,-6.0
138725900,2,3,P,-1.9794520547945207,5.8558558558558556,2.1235961989386647,-6.0
138728000,2,3,P,-1.9794871794871796,5.855855855855856,2.1236313236313236,-6.0
138728400,2,3,P,-1.9795221843003414,5.855855855855856,2.1236663284444854,-6.0
138729300,2,3,P,-1.979557069846678,5.8558558558558556,2.123701213990822,-6.0
138732600,2,3,P,-1.9795918367346939,5.855855855855856,2.1237359808788376,-6.0
138733400,2,3,P,-1.9796264855687604,5.8558558558558556,2.1237706297129044,-6.0
138735000,2,3,P,-1.9796610169491524,5.855855855855857,2.123805161093297,-6.0
138735700,2,3,P,-1.9796954314720814,5.8558558558558556,2.123839575616225,-6.0
138736600,2,3,P,-1.9797297297297298,5.855855855855856,2.123873873873874,-6.0
138737500,2,3,P,-1.9797639123102866,5.8558558558558556,2.1239080564544306,-6.0
138738100,2,3,P,-1.97979797979798,5.855855855855856,2.1239421239421237,-6.0
138768200,2,3,P,-1.9798319327731093,5.855855855855856,2.1239760769172533,-6.0
138776800,2,1,P,-1.9798319327731093,5.821428571428572,2.1584033613445377,-6.0
138790700,2,1,P,-1.9798319327731093,5.787610619469027,2.192221313304083,-6.0
138793900,1,2,P,-1.9798319327731093,5.789473684210526,2.1903582485625828,-6.0
138797900,1,2,P,-1.9798319327731093,5.791304347826086,2.188527584947022,-6.0
138803700,2,3,P,-1.9798657718120807,5.791304347826087,2.188561423985994,-6.0
138806100,2,3,P,-1.9798994974874373,5.791304347826086,2.18859514966135,-6.0
138814300,2,4,P,-1.9798994974874373,5.791304347826086,2.18859514966135,-6.0
138816700,2,4,P,-1.9798994974874373,5.791304347826086,2.18859514966135,-6.0
138818000,2,3,P,-1.979933110367893,5.791304347826087,2.188628762541806,-6.0
138819400,2,3,P,-1.9799666110183638,5.791304347826087,2.188662263192277,-6.0
138819800,2,3,P,-1.9800000000000002,5.791304347826086,2.1886956521739123,-6.0
138824200,2,3,P,-1.9800332778702163,5.791304347826087,2.188728930044129,-6.0
138827700,2,3,P,-1.9800664451827241,5.791304347826087,2.188762097356637,-6.0
138828100,2,3,P,-1.9800995024875618,5.791304347826087,2.1887951546614755,-6.0
138828500,2,3,P,-1.980132450331126,5.791304347826086,2.1888281025050387,-6.0
138829100,2,3,P,-1.9801652892561983,5.791304347826086,2.1888609414301112,-6.0
138914300,1,4,P,-1.9801652892561983,5.791304347826086,2.1888609414301112,-6.0
138917500,3,4,P,-1.9801652892561983,5.791304347826086,2.1888609414301112,-6.0
138920900,3,4,P,-1.9801652892561983,5.791304347826086,2.1888609414301112,-6.0
138923800,2,3,P,-1.98019801980198,5.791304347826087,2.188893671975894,-6.0
138925600,2,3,P,-1.9802306425041185,5.791304347826086,2.1889262946780317,-6.0
138928200,2,4,P,-1.9802306425041185,5.791304347826086,2.1889262946780317,-6.0
138930100,2,4,P,-1.9802306425041185,5.791304347826086,2.1889262946780317,-6.0
138938200,2,3,P,-1.9802631578947367,5.791304347826087,2.18895881006865,-6.0
138945900,2,3,P,-1.9802955665024629,5.791304347826086,2.1889912186763762,-6.0
138946200,2,3,P,-1.9803278688524593,5.791304347826087,2.1890235210263715,-6.0
138946600,2,3,P,-1.9803600654664484,5.791304347826087,2.1890557176403616,-6.0
138949100,2,3,P,-1.9803921568627452,5.791304347826086,2.1890878090366583,-6.0
138950100,2,3,P,-1.9804241435562806,5.791304347826086,2.189119795730193,-6.0
138953600,2,3,P,-1.980456026058632,5.791304347826087,2.1891516782325446,-6.0
138955000,2,3,P,-1.9804878048780485,5.791304347826087,2.1891834570519615,-6.0
138955900,2,3,P,-1.9805194805194803,5.791304347826087,2.1892151326933935,-6.0
138959000,2,3,P,-1.9805510534846027,5.791304347826087,2.189246705658516,-6.0
138961300,2,3,P,-1.9805825242718444,5.791304347826087,2.1892781764457574,-6.0
138964300,2,3,P,-1.9806138933764135,5.791304347826086,2.1893095455503264,-6.0
138965800,2,3,P,-1.9806451612903224,5.791304347826086,2.189340813464235,-6.0
138967200,2,3,P,-1.9806763285024154,5.791304347826086,2.1893719806763285,-6.0
138968500,2,3,P,-1.980707395498392,5.791304347826087,2.1894030476723056,-6.0
138969500,2,3,P,-1.9807383627608346,5.791304347826087,2.1894340149347475,-6.0
138970400,2,3,P,-1.9807692307692308,5.791304347826087,2.1894648829431436,-6.0
138972800,2,3,P,-1.9808000000000001,5.791304347826087,2.189495652173913,-6.0
138975000,2,3,P,-1.9808306709265175,5.791304347826087,2.1895263231004303,-6.0
138976100,2,3,P,-1.9808612440191387,5.791304347826088,2.189556896193052,-6.0
138977000,2,3,P,-1.980891719745223,5.791304347826086,2.1895873719191354,-6.0
139029900,2,3,P,-1.9809220985691576,5.791304347826086,2.1896177507430705,-6.0
139032400,2,3,P,-1.9809523809523808,5.791304347826087,2.189648033126294,-6.0
139045600,1,4,P,-1.9809523809523808,5.791304347826087,2.189648033126294,-6.0
139047600,1,4,P,-1.9809523809523808,5.791304347826087,2.189648033126294,-6.0
139048900,2,3,P,-1.9809825673534072,5.791304347826087,2.1896782195273206,-6.0
139050600,2,3,P,-1.981012658227848,5.791304347826087,2.1897083104017607,-6.0
139051100,2,3,P,-1.9810426540284358,5.791304347826086,2.189738306202349,-6.0
139051500,2,3,P,-1.9810725552050474,5.791304347826087,2.1897682073789606,-6.0
139052400,2,3,P,-1.9811023622047246,5.791304347826087,2.1897980143786375,-6.0
139061800,1,4,P,-1.9811023622047246,5.791304347826087,2.1897980143786375,-6.0
139064000,1,4,P,-1.9811023622047246,5.791304347826087,2.1897980143786375,-6.0
139091700,2,3,P,-1.981132075471698,5.791304347826086,2.189827727645611,-6.0
139101900,2,3,P,-1.9811616954474098,5.791304347826087,2.1898573476213237,-6.0
139112100,2,3,P,-1.9811912225705328,5.791304347826087,2.1898868747444453,-6.0
139113100,2,3,P,-1.9812206572769953,5.791304347826086,2.189916309450908,-6.0
139113600,2,3,P,-1.98125,5.791304347826087,2.1899456521739133,-6.0
139130300,1,2,P,-1.9812500000000002,5.793103448275862,2.188146551724138,-6.0
139135100,1,3,P,-1.9812500000000002,5.793103448275862,2.188146551724138,-6.0
139137300,1,3,P,-1.9812500000000002,5.793103448275862,2.188146551724138,-6.0
139151600,2,3,P,-1.981279251170047,5.793103448275862,2.188175802894185,-6.0
139153500,2,3,P,-1.9813084112149535,5.793103448275862,2.188204962939092,-6.0
139196700,1,4,P,-1.9813084112149535,5.793103448275862,2.188204962939092,-6.0
139198700,1,4,P,-1.9813084112149535,5.793103448275862,2.188204962939092,-6.0
139200700,1,4,P,-1.9813084112149535,5.793103448275862,2.188204962939092,-6.0
139205200,2,3,P,-1.9813374805598758,5.793103448275863,2.1882340322840137,-6.0
139206700,2,3,P,-1.9813664596273295,5.793103448275862,2.188263011351467,-6.0
139225400,2,3,P,-1.9813953488372094,5.793103448275862,2.1882919005613473,-6.0
139225800,2,3,P,-1.981424148606811,5.793103448275861,2.188320700330949,-6.0
139226200,2,3,P,-1.9814528593508502,5.793103448275861,2.188349411074988,-6.0
139275800,2,3,P,-1.9814814814814814,5.793103448275861,2.1883780332056197,-6.0
139277800,2,3,P,-1.9815100154083205,5.793103448275861,2.188406567132459,-6.0
139278300,2,3,P,-1.9815384615384615,5.793103448275861,2.1884350132626,-6.0
139285100,2,4,P,-1.9815384615384615,5.793103448275861,2.1884350132626,-6.0
139287100,2,4,P,-1.9815384615384615,5.793103448275861,2.1884350132626,-6.0
139296600,2,3,P,-1.9815668202764978,5.793103448275862,2.188463372000636,-6.0
139300300,2,3,P,-1.9815950920245398,5.793103448275862,2.1884916437486783,-6.0
139300700,2,3,P,-1.9816232771822357,5.793103448275862,2.1885198289063736,-6.0
139303600,3,4,P,-1.9816232771822357,5.793103448275862,2.1885198289063736,-6.0
139522500,1,3,P,-1.9816232771822357,5.793103448275862,2.1885198289063736,-6.0
139564400,1,3,P,-1.9816232771822357,5.793103448275862,2.1885198289063736,-6.0
139571200,1,3,P,-1.9816232771822357,5.793103448275862,2.1885198289063736,-6.0
139575200,1,3,P,-1.9816232771822357,5.793103448275862,2.1885198289063736,-6.0
139580500,1,3,P,-1.9816232771822357,5.793103448275862,2.1885198289063736,-6.0
